237,220,217,168,239,245,230,250,223,246,228,208,255,253,227,228,225,210,197,248,225,223,255,217,206,255,227,218,226,214,255,232,241,227,236,219,230,246,241,253,243,255,227,238,254,251,255,244,255,255,255,255,252,253,255,255,236,232,236,246,242,255,229,235,249,235,255,252,220,241,243,255,255,255,250,215,255,220,243,255,255,255,243,255,236,224,226,210,220,206,197,213,206,207,240,246,251,229,211,208,221,201,200,248,205,241,190,195,214,211,198,210,234,225,203,225,246,248,232,255,
224,194,206,178,247,215,255,218,240,225,246,225,194,188,215,221,209,245,209,225,213,221,228,221,233,229,233,199,255,245,253,243,219,241,255,235,246,230,255,234,230,255,255,232,228,255,255,255,255,255,238,240,255,235,228,238,255,254,255,255,242,255,255,244,255,255,255,255,254,255,249,219,255,255,245,255,255,255,248,247,223,255,245,202,222,234,217,242,232,230,246,250,251,230,248,255,255,233,223,188,231,220,249,223,201,160,211,203,220,193,194,246,223,255,235,236,205,249,249,255,
234,218,212,200,207,177,237,217,252,208,242,239,231,232,201,212,251,222,255,249,227,255,242,227,242,214,231,191,243,223,255,231,209,255,241,231,236,226,255,255,216,255,235,244,255,228,252,255,235,255,243,255,235,255,222,248,251,244,227,248,245,255,255,255,255,250,255,255,235,237,255,255,247,242,246,255,211,250,249,217,255,255,196,255,218,255,255,241,255,250,220,255,255,255,242,253,255,250,229,224,200,223,227,235,255,205,225,255,165,228,217,214,177,224,226,255,252,197,212,253,
245,163,201,196,229,224,241,247,191,189,190,191,212,222,163,224,255,238,194,207,247,255,188,206,255,255,217,204,212,243,255,204,231,255,254,239,246,212,231,247,255,230,239,230,255,250,242,252,255,255,255,248,255,240,255,255,251,255,234,226,255,251,250,255,255,255,255,255,230,223,236,255,238,244,246,240,217,232,231,245,221,248,230,255,255,252,249,221,226,248,246,244,214,239,246,219,230,255,255,196,208,203,220,221,253,255,255,193,233,209,218,248,203,233,227,225,240,191,255,215,
217,228,229,190,229,199,220,208,218,237,236,224,247,196,233,206,186,199,202,206,253,255,226,241,241,217,255,218,226,200,201,216,235,242,191,247,244,255,255,229,218,201,252,202,236,255,255,226,188,245,201,227,233,229,255,230,255,255,255,255,255,245,232,255,255,255,255,236,251,244,255,255,255,216,217,225,255,197,202,241,230,234,253,255,237,242,234,229,233,243,255,235,224,238,248,242,237,210,213,201,193,233,211,255,227,189,220,182,179,211,190,255,234,255,235,255,255,243,224,243,
235,232,194,237,206,197,207,212,180,218,202,210,232,237,220,193,209,200,203,212,233,187,219,204,222,255,209,255,219,255,235,255,255,229,255,255,240,253,230,225,222,251,255,228,253,244,201,234,221,222,243,255,255,252,240,255,249,253,230,255,251,245,255,235,255,255,227,222,227,255,255,245,255,214,255,226,254,255,238,246,247,255,255,243,255,232,255,255,255,255,255,255,251,246,218,248,255,228,255,183,219,222,240,255,255,213,223,235,255,222,233,223,237,194,245,255,255,217,255,255,
243,240,231,212,187,246,185,215,244,233,208,247,245,254,221,255,236,210,226,192,209,242,221,255,232,231,212,215,218,235,246,231,226,226,255,255,202,255,255,221,255,255,242,237,251,222,255,217,223,255,239,241,248,255,255,255,255,253,255,254,224,255,255,255,255,236,255,218,255,255,255,247,255,237,255,255,206,243,255,255,255,230,255,255,254,253,230,255,255,242,255,255,236,254,255,248,245,255,239,220,202,213,251,255,231,186,219,218,225,198,225,240,230,240,233,240,226,255,252,255,
245,237,242,198,208,214,243,208,219,232,231,222,254,221,241,241,241,231,189,217,255,236,247,230,230,192,255,179,193,192,219,252,212,247,255,235,220,241,255,200,226,230,233,205,255,255,255,255,240,254,245,245,255,241,254,255,236,242,234,255,255,255,255,241,255,255,238,255,255,255,255,242,238,229,222,251,255,253,255,239,255,255,255,236,255,229,238,255,233,221,255,241,252,225,254,255,255,247,216,214,246,253,237,220,224,255,207,219,235,227,223,255,255,242,255,219,247,255,250,251,
221,255,222,239,194,221,211,211,247,233,194,223,237,227,181,217,218,242,253,236,255,230,204,255,255,242,213,233,220,242,227,255,209,227,221,240,228,255,233,249,219,210,248,209,239,255,227,238,255,255,246,255,248,255,255,253,247,237,255,255,229,255,255,244,255,253,255,237,255,255,222,214,255,229,255,255,218,255,243,248,220,252,255,255,225,226,255,243,241,243,240,255,209,247,255,255,255,227,242,255,245,254,255,216,231,246,255,192,236,254,255,255,231,241,242,235,255,230,250,222,
192,226,207,224,243,210,233,225,209,233,255,223,213,245,213,212,219,252,212,242,251,229,234,198,210,240,226,223,216,234,234,218,207,223,242,255,223,239,225,251,255,248,255,230,255,255,216,247,230,255,247,249,217,223,223,219,193,218,255,251,255,255,225,253,216,255,255,239,255,255,249,255,255,221,255,255,248,255,251,255,236,242,255,247,255,236,250,221,255,236,241,255,255,255,242,236,246,225,228,255,247,255,227,255,224,255,249,255,255,255,245,254,255,250,240,243,247,210,206,217,
196,187,210,186,221,205,189,216,219,200,217,232,195,201,202,231,244,201,215,232,255,252,255,222,255,244,255,255,222,217,235,195,248,243,253,252,203,222,218,255,255,235,211,220,255,255,217,227,232,255,255,213,245,243,255,245,227,215,205,255,255,229,218,255,254,230,251,218,221,217,219,255,255,242,255,227,255,255,251,255,227,238,255,233,255,255,255,255,255,232,233,241,242,231,255,255,229,255,255,245,255,230,253,247,255,255,255,219,255,249,243,236,252,237,236,191,217,238,237,251,
212,201,191,238,228,235,217,196,215,226,186,241,207,235,199,212,220,186,238,219,224,222,255,217,255,237,199,210,247,231,222,246,255,247,240,222,219,255,250,232,221,235,225,230,255,253,249,237,231,218,242,255,236,249,255,241,244,225,251,255,227,232,248,239,215,228,255,247,248,255,255,255,255,241,255,255,255,231,255,255,246,255,230,255,255,250,225,203,253,255,255,240,245,238,236,255,250,255,255,255,214,255,255,255,255,255,253,255,231,255,222,219,242,221,210,236,178,205,224,235,
228,211,151,234,205,249,172,210,199,220,212,247,230,254,208,240,192,227,211,255,219,225,251,255,243,241,239,234,255,255,246,231,242,238,230,230,194,207,214,209,252,221,226,224,236,255,207,212,222,242,221,228,251,243,255,247,255,255,231,229,251,255,224,229,222,242,238,215,243,255,255,249,255,234,234,254,255,255,255,255,255,251,255,253,235,255,224,246,234,236,255,246,255,255,255,250,235,218,229,211,234,255,255,252,226,255,247,255,234,201,220,223,240,246,221,236,238,244,231,207,
196,213,207,169,205,230,189,167,226,203,245,220,203,220,202,209,255,196,237,234,229,255,236,235,223,216,218,224,210,255,245,234,227,245,250,209,212,215,183,255,255,206,255,220,252,215,235,192,246,249,227,245,237,208,243,230,234,255,240,229,248,190,208,248,211,246,255,227,247,250,255,250,230,237,255,221,245,236,255,225,255,216,248,230,228,255,255,255,219,221,255,255,234,255,255,255,255,252,239,239,255,227,255,249,255,255,225,225,243,203,246,235,232,204,230,253,203,243,205,229,
237,244,240,212,221,255,220,198,221,254,225,207,231,254,230,193,222,235,232,242,255,255,255,255,227,238,232,246,250,255,255,255,227,228,238,206,229,241,196,217,231,242,206,255,233,220,255,244,255,234,234,255,244,255,242,220,255,217,220,236,235,204,227,233,234,229,255,229,255,255,237,255,236,255,235,255,241,246,255,255,255,250,246,255,255,255,255,223,237,231,222,255,255,251,255,239,255,255,217,201,244,255,255,237,218,255,254,238,244,202,231,199,232,199,202,189,197,213,202,202,
220,220,216,168,234,192,197,208,202,226,212,255,255,227,207,251,226,241,233,252,255,241,199,229,255,221,223,229,202,255,221,255,240,220,246,240,203,218,238,255,188,224,197,211,225,239,251,255,255,228,205,255,230,246,255,255,221,254,249,255,246,236,222,220,253,255,249,255,255,253,255,254,255,246,243,255,255,237,255,255,255,255,255,255,247,250,251,255,254,246,255,255,245,255,232,248,222,255,255,223,237,248,191,255,234,255,255,253,219,219,218,210,224,192,197,209,197,197,194,170,
210,194,197,173,224,230,222,244,198,208,224,207,225,255,255,216,255,255,213,208,255,248,246,186,245,254,244,240,255,253,245,235,224,236,235,214,233,255,255,255,221,239,230,255,208,255,251,247,255,255,243,250,222,246,248,255,214,245,255,255,255,222,221,238,226,255,248,241,255,255,255,237,255,226,255,237,251,218,255,255,223,203,236,255,255,255,255,255,255,255,244,255,255,237,219,255,238,255,255,241,255,228,255,255,223,240,227,243,255,203,203,210,248,234,176,234,197,212,200,220,
225,237,220,193,202,187,254,248,235,212,197,231,214,230,227,255,221,255,247,255,255,253,228,229,244,255,255,220,255,255,237,255,255,238,255,241,250,255,223,255,241,250,248,226,243,238,247,255,255,255,253,255,255,255,255,249,255,255,236,247,255,222,226,227,255,235,216,255,190,248,255,245,255,255,255,240,255,255,244,255,255,243,255,250,235,255,246,241,255,255,232,255,250,248,250,248,255,243,238,247,255,229,255,230,255,210,252,255,255,224,207,210,225,212,215,198,215,186,219,227,
239,237,209,237,189,215,206,229,206,222,230,233,235,205,246,255,238,237,229,230,231,251,255,211,251,216,222,240,227,245,253,255,234,241,253,224,246,229,245,238,237,249,255,255,255,255,236,255,255,255,255,255,255,210,255,212,224,255,240,203,253,246,253,255,242,255,197,255,251,255,255,255,234,252,255,232,249,216,255,224,211,255,229,230,255,255,241,247,255,255,255,255,255,255,255,252,255,234,255,255,255,234,255,255,242,255,240,255,255,190,203,200,208,205,216,204,199,196,195,224,
255,214,254,255,206,255,228,195,246,244,227,255,201,244,255,255,217,255,232,250,230,228,222,239,255,230,236,255,255,234,239,250,232,222,208,253,232,255,241,223,219,236,225,255,235,247,255,254,255,255,243,248,255,255,228,232,255,186,123,137,161,255,255,250,255,230,228,255,255,255,255,236,242,255,248,248,235,255,255,255,248,255,218,246,243,235,252,255,255,255,234,244,255,255,234,255,228,253,255,255,238,255,255,255,252,232,255,233,246,193,200,177,228,211,197,210,197,183,212,247,
229,233,238,250,215,240,249,255,246,255,230,243,218,255,252,246,255,232,237,209,222,254,255,239,251,255,255,236,242,242,255,255,227,205,255,243,247,203,243,255,230,210,238,255,255,236,225,255,255,254,254,221,237,255,255,255,184,129,85,70,153,165,238,252,242,224,255,255,255,255,247,236,226,232,255,255,226,255,250,224,209,248,235,254,217,255,242,219,247,249,253,255,255,227,255,253,255,255,243,255,255,249,255,251,255,255,230,208,231,225,233,217,194,174,189,198,232,197,226,210,
255,254,241,218,245,247,235,236,202,236,221,227,237,234,255,255,239,225,216,205,225,233,218,224,220,235,255,246,255,227,214,252,255,226,255,242,254,249,223,217,237,255,196,253,251,240,239,255,231,229,218,217,250,255,157,109,128,43,26,22,67,164,123,200,255,245,226,244,243,255,228,216,245,239,224,217,255,219,234,255,236,250,255,254,255,218,255,223,231,248,255,215,255,255,255,255,255,255,216,236,255,255,238,255,237,255,255,225,223,222,206,216,197,206,222,215,232,215,198,246,
208,240,241,254,255,241,212,225,235,229,241,237,248,252,253,187,226,234,226,210,205,220,255,215,255,255,238,255,255,255,255,237,224,238,255,249,241,233,237,255,255,241,225,249,219,255,255,225,255,255,255,255,246,116,149,81,36,30,60,64,34,48,84,109,139,175,255,234,228,255,255,242,255,255,255,229,255,255,255,232,241,245,255,236,246,205,217,241,255,255,255,236,242,218,243,255,243,255,234,255,255,244,230,253,255,200,247,199,238,212,179,218,199,182,150,173,225,223,182,205,
242,255,235,255,241,226,251,240,255,198,225,245,255,225,238,233,255,249,252,215,224,211,255,255,254,255,245,255,233,249,247,232,255,236,255,244,247,245,217,232,235,240,245,255,235,245,251,251,255,255,254,175,161,91,64,48,77,154,133,105,139,95,35,68,123,161,190,217,254,229,255,246,235,239,252,229,230,255,255,245,254,197,230,245,245,239,221,251,255,235,234,225,202,220,255,255,228,255,255,255,244,255,223,235,255,191,238,202,220,174,218,228,208,168,203,201,217,217,248,190,
230,231,255,214,252,255,215,255,255,255,255,249,235,255,239,239,255,230,248,210,236,236,175,213,228,255,244,255,255,246,255,255,249,255,255,255,232,217,255,255,255,234,196,234,233,255,205,255,255,240,151,137,57,64,45,124,93,118,146,167,127,130,126,53,61,91,158,165,241,255,241,238,231,255,249,255,245,255,221,243,224,210,255,249,243,208,239,237,216,219,232,226,255,255,238,255,255,255,226,255,255,252,255,233,240,239,253,203,215,200,190,200,168,241,193,196,217,198,228,206,
255,221,254,245,230,255,239,243,238,255,253,208,241,231,247,245,231,220,230,231,220,196,215,214,255,197,229,255,242,255,246,233,255,251,255,255,238,255,255,249,182,227,236,249,216,233,255,227,193,120,127,53,57,50,126,132,154,136,120,144,176,167,100,158,48,57,71,111,160,208,237,255,255,250,235,255,238,255,255,255,216,249,212,220,247,229,215,236,244,193,244,237,247,229,243,255,226,235,255,204,242,216,229,229,223,214,235,218,214,205,182,189,176,182,209,199,185,224,205,207,
222,255,255,255,242,255,248,255,227,240,255,247,234,254,241,250,242,255,236,235,235,220,240,194,243,255,243,255,242,255,233,255,253,221,225,232,247,255,255,240,253,255,255,241,255,250,195,146,134,76,29,60,106,157,150,129,129,143,159,134,131,138,123,127,123,102,29,65,117,152,182,230,255,255,237,255,230,255,231,240,228,255,253,232,219,234,237,231,218,233,247,213,234,255,255,246,247,250,255,255,238,223,241,236,216,204,235,185,233,197,231,212,192,216,218,189,182,210,196,201,
216,235,255,246,252,215,230,252,255,224,226,216,244,248,247,189,224,243,221,188,237,217,233,195,246,255,255,220,240,237,255,255,237,244,228,243,255,244,246,253,240,225,226,252,245,215,130,117,59,50,127,142,127,132,141,148,110,100,132,134,146,155,133,147,148,118,127,51,31,76,131,152,204,216,225,232,255,238,224,255,199,220,186,247,213,216,224,245,208,186,244,219,253,224,228,236,255,255,243,215,238,207,215,220,231,224,233,211,212,176,214,223,207,179,182,193,191,182,191,237,
255,235,246,234,255,217,253,253,208,255,237,216,249,255,255,240,231,227,219,224,236,225,228,200,234,255,219,255,243,233,255,255,255,228,255,247,255,234,240,253,238,255,240,242,197,142,97,58,51,143,125,161,94,91,119,154,99,137,136,123,101,145,117,170,107,135,142,114,123,20,67,95,140,167,231,255,225,255,229,246,255,253,239,189,203,255,242,228,224,240,218,217,228,220,255,250,226,250,255,255,224,255,238,196,229,215,248,180,218,203,204,199,217,214,189,219,205,225,217,237,
203,248,240,255,247,255,227,251,251,255,232,232,227,240,235,241,245,255,255,240,200,222,255,242,229,210,181,255,246,246,238,255,255,255,212,247,255,255,246,243,255,214,215,157,114,63,33,113,132,157,133,144,181,96,163,161,125,112,119,139,139,117,145,154,114,137,139,114,135,61,54,104,89,143,185,255,191,250,255,240,244,181,224,227,198,215,219,249,243,212,251,209,221,221,243,255,255,255,221,208,224,212,235,214,237,236,233,218,189,176,193,202,214,196,181,199,214,217,234,204,
255,255,212,255,250,222,241,225,245,207,232,216,240,238,208,255,243,222,237,249,197,228,255,230,236,233,239,198,228,239,255,255,253,255,229,232,236,255,254,255,247,142,141,87,47,24,95,120,114,108,115,140,125,116,136,136,142,159,135,143,126,131,157,150,143,154,157,157,146,143,104,52,27,125,131,131,242,234,233,203,207,254,199,222,206,255,224,205,195,220,215,185,224,221,227,250,254,231,255,226,211,223,251,218,220,225,194,192,233,184,189,224,190,186,191,196,205,225,199,204,
241,227,236,255,239,212,255,220,226,255,255,215,224,254,250,236,239,223,245,249,194,213,237,243,232,242,238,255,248,215,252,241,242,254,255,255,246,255,246,228,148,98,69,24,88,166,126,156,140,81,155,123,98,141,103,105,136,169,112,140,126,135,146,148,143,126,113,156,91,97,89,98,51,8,94,138,145,202,252,236,244,227,189,204,255,246,224,227,230,177,221,230,210,242,217,235,210,221,219,225,196,193,192,255,218,233,182,202,199,216,208,201,207,197,197,191,201,219,195,185,
253,255,204,253,246,241,243,245,255,226,237,254,237,212,244,239,255,245,246,246,230,255,214,223,234,204,238,255,222,225,227,223,255,255,228,255,255,217,170,146,109,6,83,168,117,115,128,142,99,103,129,145,121,90,133,149,128,159,113,146,141,149,128,113,150,130,153,136,150,137,126,132,121,79,45,79,132,120,174,224,223,224,237,201,215,215,215,184,220,173,222,235,204,255,202,253,225,221,255,247,216,213,228,210,251,182,242,249,184,211,236,200,202,188,222,205,172,197,227,188,
253,255,227,237,255,231,230,244,255,235,211,255,255,245,224,208,212,248,210,255,209,255,209,222,229,239,170,255,250,235,214,255,249,250,255,216,200,163,58,45,21,86,109,112,113,131,164,121,159,143,124,114,148,124,127,160,138,125,122,93,128,144,164,129,136,144,127,139,131,129,118,108,134,144,134,70,52,107,122,160,204,213,221,206,184,247,244,254,174,209,211,198,199,230,214,214,206,238,190,217,247,248,207,255,235,205,201,251,197,235,225,203,217,209,216,236,177,173,176,210,
255,209,194,233,249,232,255,229,248,246,255,231,200,245,222,237,217,229,217,224,197,224,236,205,236,255,255,248,243,229,239,230,249,229,224,185,110,87,34,75,97,130,143,137,152,126,133,153,146,153,118,132,116,114,71,48,42,31,84,36,73,46,105,132,92,127,137,166,98,174,166,144,129,129,141,158,63,39,88,124,89,224,205,219,252,205,244,236,222,247,246,220,236,250,244,218,193,229,242,185,218,221,208,204,201,255,210,237,201,255,218,207,216,217,237,206,186,209,227,212,
255,241,249,181,255,255,255,255,211,245,199,240,224,204,239,255,224,247,255,205,237,226,234,255,255,255,225,255,229,254,223,255,252,209,154,129,64,9,49,124,128,146,121,139,87,124,95,128,118,114,124,152,163,103,45,53,44,27,29,27,65,24,85,136,180,136,133,115,111,123,145,133,154,135,156,144,153,91,25,60,88,134,161,181,213,189,232,248,215,255,226,226,215,220,252,251,237,241,255,255,249,236,226,222,214,224,255,251,235,228,209,197,206,229,208,255,194,235,213,225,
228,232,255,255,253,246,243,245,236,255,255,255,235,233,237,211,248,239,231,231,245,238,250,245,247,230,191,216,255,237,255,255,165,146,92,29,41,87,139,113,147,129,157,113,157,149,126,99,139,146,147,112,165,134,48,71,57,80,49,41,24,64,97,152,152,125,132,157,150,108,117,130,110,167,125,134,138,152,79,31,31,97,126,149,206,199,236,235,246,232,234,237,209,241,209,237,198,210,210,251,200,195,220,235,208,225,248,255,220,235,232,223,219,197,174,236,209,231,217,218,
233,240,232,217,215,237,206,212,234,209,225,253,234,245,225,247,244,184,255,255,253,245,255,255,255,235,255,219,255,219,198,174,147,65,21,68,151,74,121,131,89,135,159,120,96,130,136,100,157,118,134,144,136,103,21,53,17,5,46,51,63,77,78,119,129,92,127,143,113,162,125,160,104,127,167,155,151,152,135,138,18,43,68,133,128,173,191,196,247,215,231,218,228,255,247,205,209,211,243,237,180,186,202,210,239,225,193,203,254,226,220,243,216,180,228,255,254,189,207,187,
221,234,232,232,252,221,228,200,244,232,255,236,248,236,255,255,255,252,203,240,241,223,244,213,233,255,251,240,233,181,116,105,15,45,103,134,114,121,147,103,111,134,146,148,114,134,93,120,135,123,114,124,129,118,44,13,47,66,23,98,37,7,96,188,139,138,159,163,139,114,154,148,166,123,170,152,178,147,137,145,163,117,39,30,104,120,163,219,247,220,212,252,247,246,210,217,226,227,212,190,203,227,216,227,192,205,245,235,222,186,224,222,230,214,232,216,209,219,255,197,
240,232,206,255,248,215,224,209,225,191,219,255,247,233,215,252,255,216,255,255,255,191,248,240,255,188,241,221,164,155,36,25,34,126,122,122,150,117,126,156,128,115,114,112,160,100,101,123,121,104,139,128,124,114,30,38,40,49,32,19,91,69,75,119,128,128,129,152,147,115,152,118,104,155,139,136,196,149,129,123,127,152,93,0,61,66,172,167,240,238,227,247,235,255,234,206,218,222,213,218,255,225,222,255,168,217,220,195,233,219,244,228,244,248,227,228,231,235,235,244,
219,221,243,229,235,243,207,255,232,214,212,255,224,199,224,234,226,243,255,235,255,239,255,246,255,255,185,139,125,52,43,98,113,144,160,106,132,118,139,141,112,132,163,155,103,106,150,162,126,160,186,121,101,87,18,43,30,93,50,72,30,56,82,141,164,146,150,133,164,111,165,151,153,113,130,112,113,109,141,136,140,131,141,139,26,41,102,138,157,213,234,249,212,255,213,215,231,218,219,238,246,201,238,255,200,183,241,191,182,219,182,182,208,183,197,209,226,253,231,238,
242,220,251,230,209,222,196,250,230,233,239,252,230,246,241,201,221,250,255,233,202,250,228,220,190,180,125,43,9,67,114,119,128,120,150,133,114,141,132,145,145,119,87,160,132,153,116,128,157,132,155,117,115,98,41,0,41,38,36,46,52,64,118,118,149,132,117,139,146,132,159,142,128,168,132,147,127,160,139,105,114,130,161,112,111,72,49,90,130,160,166,251,225,227,212,195,196,221,215,224,207,243,240,218,192,182,215,207,228,222,220,218,176,209,165,242,223,238,160,255,
253,226,242,242,236,243,232,230,208,217,223,236,244,255,210,255,222,217,251,242,235,222,248,197,128,121,84,39,67,139,113,167,153,149,190,166,134,140,146,116,90,135,118,118,119,129,147,126,150,120,126,133,134,66,29,51,19,25,58,49,79,29,126,161,132,144,170,142,166,130,140,133,124,109,123,154,146,136,137,154,110,152,110,110,138,159,62,27,24,92,136,154,217,221,215,237,194,229,226,255,200,216,238,233,249,189,188,192,159,204,191,221,220,214,201,182,205,180,207,228,
226,218,213,215,224,198,245,246,200,223,242,224,242,226,238,243,253,233,252,243,234,208,140,121,65,21,43,97,86,131,158,134,148,132,135,174,126,128,128,145,120,128,107,109,125,125,141,108,145,145,120,102,159,107,27,13,26,39,47,31,39,58,105,145,117,160,170,147,135,128,139,150,138,141,155,113,134,103,147,131,130,127,117,156,157,150,107,118,51,59,115,104,105,190,226,255,213,233,211,182,224,222,209,201,212,225,201,210,232,169,227,187,175,212,214,190,244,156,190,243,
255,254,229,235,238,247,235,255,224,213,249,231,255,227,245,218,243,224,214,248,191,140,124,75,57,84,159,147,106,100,163,152,147,137,133,189,119,122,110,125,129,129,159,129,129,98,114,122,133,150,164,117,121,83,53,35,38,38,22,33,64,45,143,155,149,169,105,138,142,118,120,139,188,124,127,164,137,146,110,134,129,132,137,128,161,127,127,150,100,80,31,106,126,142,176,207,216,185,219,205,209,204,209,193,187,201,213,219,209,176,188,209,169,199,191,190,137,207,205,199,
245,241,232,230,248,233,255,255,227,255,221,255,205,242,202,212,233,249,225,136,112,109,20,80,167,171,110,140,90,117,108,136,110,116,103,128,146,142,123,143,122,120,72,95,104,144,134,141,144,121,117,178,134,53,55,0,42,13,40,48,13,55,147,128,119,131,138,133,144,139,174,123,149,151,133,148,141,125,169,157,119,150,126,123,171,142,93,128,132,113,59,41,27,110,75,128,199,231,185,194,186,190,204,235,197,200,186,230,191,204,178,177,183,188,212,234,237,216,216,200,
230,227,244,255,250,254,242,211,244,234,255,213,193,232,217,200,215,137,145,130,74,3,91,85,96,141,135,138,120,90,84,131,118,128,91,133,120,121,117,154,157,139,179,98,162,169,162,156,133,113,126,141,129,64,48,28,28,69,51,28,29,36,119,160,117,163,145,167,131,162,103,176,140,181,150,135,181,144,128,118,124,132,139,146,124,102,139,144,118,125,127,119,18,11,69,120,105,179,194,198,200,198,211,166,174,209,213,173,215,227,217,194,207,205,167,191,186,215,215,180,
194,234,248,228,241,224,236,255,189,231,236,232,206,195,185,197,121,137,69,13,55,86,116,102,126,123,109,137,129,112,108,139,135,81,129,151,139,135,96,115,142,111,99,123,150,140,136,159,172,144,144,158,139,64,23,24,50,39,11,23,48,47,135,124,96,130,163,129,131,155,151,126,157,117,121,142,144,152,111,103,134,150,116,97,132,106,105,150,115,125,147,101,135,26,9,81,116,140,186,198,207,207,179,181,189,194,208,212,221,208,235,209,221,200,170,188,183,169,216,214,
251,255,254,204,222,220,255,211,245,222,219,209,201,196,184,128,123,69,31,41,136,106,117,72,115,134,138,82,126,102,123,116,130,149,134,144,140,131,119,112,160,142,105,142,107,109,115,95,142,130,177,116,72,67,81,24,51,4,0,18,48,25,127,137,162,110,106,121,139,119,110,112,167,131,156,135,154,118,133,116,102,140,162,98,141,127,138,126,146,141,141,118,134,120,56,0,55,137,128,179,226,255,187,225,212,214,222,194,194,241,219,203,192,230,172,193,229,231,183,220,
201,255,218,255,238,214,228,213,229,234,206,242,200,130,109,108,44,52,101,93,119,118,133,70,145,144,142,124,140,145,118,171,118,126,132,131,100,112,123,138,89,106,129,108,166,126,105,125,124,132,110,166,145,10,6,28,53,44,73,14,2,40,149,132,154,137,117,160,126,124,134,157,137,161,129,146,173,132,151,131,102,142,119,153,135,161,118,138,145,155,133,136,147,89,128,78,28,13,82,133,150,191,168,215,202,202,222,206,202,223,219,241,170,255,217,204,236,216,215,209,
229,247,243,222,250,191,198,175,196,207,219,168,142,107,74,25,30,66,104,111,135,65,141,110,112,125,118,151,113,92,163,130,146,149,94,151,143,115,143,123,156,99,142,124,192,141,129,144,132,146,109,143,102,38,46,9,53,40,18,21,71,25,125,123,152,131,162,105,128,115,142,155,101,159,129,171,151,122,123,117,123,128,119,96,145,138,130,100,107,127,77,153,150,109,173,107,107,19,19,100,90,98,162,208,195,213,191,185,200,175,193,246,196,177,223,182,168,250,181,157,
232,210,237,206,215,203,225,215,226,161,142,102,95,62,20,84,103,107,117,128,136,116,157,91,130,150,156,123,128,133,114,85,87,74,116,62,110,106,69,86,70,91,101,108,88,82,116,150,126,98,93,107,97,28,48,24,24,62,55,0,31,43,103,110,122,129,110,156,109,157,128,154,121,136,138,127,98,133,119,139,143,141,160,146,111,119,113,135,90,145,137,138,106,109,123,125,148,121,76,43,46,124,113,137,249,230,191,230,206,205,193,223,211,173,194,193,184,198,188,210,
248,226,233,197,215,196,190,216,184,114,103,108,8,61,120,145,115,102,122,95,92,157,149,116,128,123,123,138,118,16,18,26,5,1,37,40,22,65,47,29,32,53,64,0,21,35,28,63,0,74,32,69,52,30,23,60,24,23,11,60,36,0,32,38,37,32,26,46,40,53,31,66,66,42,51,61,54,68,74,48,54,54,71,72,115,76,127,140,150,144,111,173,130,123,132,136,134,125,133,66,26,16,125,115,139,192,227,232,191,222,203,179,193,173,200,186,218,195,178,218,
204,248,231,237,194,201,239,183,95,106,53,33,57,124,136,118,131,101,139,133,93,108,138,109,140,112,134,106,99,47,24,15,21,0,15,66,55,14,38,32,25,32,58,20,44,19,1,27,7,16,40,13,28,65,50,37,33,50,27,41,29,37,24,17,35,27,37,36,39,53,22,35,38,34,22,54,28,57,23,21,33,10,36,13,48,43,169,127,132,127,122,135,130,126,177,125,125,159,97,141,79,0,5,114,115,143,148,209,208,200,246,200,215,185,195,181,230,194,213,193,
226,214,229,189,235,194,134,130,71,10,0,45,102,119,155,114,89,92,155,122,104,131,119,114,145,95,124,150,60,25,20,32,17,8,10,21,29,0,10,46,38,21,31,0,44,27,35,60,97,73,38,41,62,65,40,23,38,7,36,30,56,82,17,62,42,35,25,36,35,8,47,14,25,34,66,2,18,41,10,45,32,0,0,11,42,53,148,188,190,128,118,164,104,85,172,108,137,150,121,118,109,123,64,0,77,106,128,143,178,177,242,226,177,206,193,241,175,187,184,173,
255,252,242,228,203,180,180,86,61,19,35,39,129,134,111,123,115,131,150,114,95,140,116,80,124,84,131,124,76,77,39,23,46,48,34,56,44,56,45,10,7,37,3,59,18,35,19,0,0,17,61,21,54,43,18,63,32,32,26,52,36,9,18,5,67,22,51,30,69,41,67,22,81,37,42,25,67,7,29,58,14,0,16,17,11,51,151,166,93,153,134,174,118,147,153,129,149,159,138,130,127,115,112,40,9,31,153,139,170,181,205,183,248,187,188,194,202,227,195,172,
221,202,178,211,213,232,126,143,107,42,37,58,74,118,135,144,108,102,117,106,137,116,81,107,144,115,125,111,81,29,5,16,57,36,29,28,14,50,31,38,28,36,27,63,32,37,16,15,30,42,23,50,42,0,30,46,25,58,0,6,10,46,35,49,39,58,4,19,33,8,35,11,7,0,10,67,29,18,55,14,45,30,20,18,41,8,101,139,167,106,158,152,103,97,176,136,126,91,131,97,131,146,142,44,43,16,10,107,116,143,232,168,222,207,220,184,181,193,197,214,
237,203,235,210,225,194,229,156,132,109,32,34,72,98,139,126,125,136,126,119,127,134,93,149,83,145,132,118,50,20,23,22,54,63,16,28,66,19,0,0,16,67,10,10,26,70,66,63,15,29,4,17,25,37,17,38,45,14,28,58,16,65,3,3,46,53,56,90,25,46,29,27,46,16,1,32,33,53,23,40,0,11,2,55,37,26,127,130,129,140,132,110,155,150,131,115,134,108,125,144,124,138,102,53,45,0,49,90,100,100,158,171,207,184,192,220,174,191,180,190,
238,181,201,216,202,206,239,214,202,150,105,41,0,88,102,93,92,134,116,111,155,138,138,130,142,90,137,135,109,56,62,40,37,89,47,48,31,35,23,41,15,66,23,54,53,25,31,33,58,32,67,70,52,10,38,36,16,39,20,53,10,20,46,4,33,47,35,40,7,0,52,17,0,10,23,28,23,1,42,65,60,34,31,43,26,8,85,112,135,106,114,164,116,127,115,100,142,107,148,106,127,133,124,30,26,41,121,126,110,199,208,223,207,174,149,207,173,173,193,226,
227,246,242,212,225,239,190,240,255,176,133,102,29,29,35,129,95,106,99,139,107,130,96,134,146,133,147,135,97,119,109,136,115,148,131,126,119,152,123,103,122,143,117,138,109,131,157,192,127,146,133,153,88,14,44,62,50,39,30,45,32,48,98,145,101,110,111,81,111,75,128,127,88,92,67,92,75,86,99,47,57,13,77,56,28,29,102,164,134,130,145,115,116,120,136,112,119,81,110,127,129,78,49,21,39,108,121,127,193,210,205,219,240,203,180,170,173,191,224,172,
254,221,255,255,230,223,240,216,198,227,150,139,95,56,53,44,112,118,132,130,116,108,111,140,134,95,92,93,120,118,141,125,83,102,112,97,145,139,106,105,106,114,111,115,105,170,150,121,150,151,106,113,69,49,43,64,15,31,51,19,33,62,114,118,130,158,149,134,101,99,117,84,111,136,132,158,129,128,135,111,70,121,117,111,163,135,139,104,155,105,131,148,135,179,122,122,121,154,145,115,91,44,4,79,103,104,136,176,174,204,169,215,168,164,188,183,162,185,223,194,
250,226,217,207,229,216,235,240,226,213,206,169,104,112,83,37,42,92,150,141,77,135,153,118,129,132,107,99,155,139,91,122,129,116,117,137,145,122,150,168,124,124,84,129,119,134,170,168,109,132,111,122,77,40,59,39,29,41,29,21,17,85,141,99,144,139,141,133,148,127,121,172,143,163,161,152,135,107,126,133,112,145,151,127,109,116,112,141,143,137,134,151,109,154,140,112,176,112,121,88,38,39,102,112,92,137,137,180,207,207,218,188,146,220,203,172,159,182,220,191,
255,210,210,239,214,255,204,255,255,231,219,208,154,107,100,97,24,64,108,110,120,115,133,135,129,122,115,94,115,135,130,120,142,143,123,133,98,120,89,108,124,160,111,135,137,164,113,93,159,127,156,165,36,52,33,1,42,58,79,46,42,111,153,145,142,133,167,150,148,134,120,135,117,125,83,150,137,109,116,109,129,134,96,146,133,82,126,104,111,134,132,145,167,96,114,123,144,97,44,67,33,92,138,122,125,100,121,172,231,219,189,198,166,181,208,215,230,211,234,195,
231,207,241,241,228,205,231,209,232,231,244,193,211,163,109,85,18,10,64,98,115,150,144,123,123,124,156,117,155,126,143,113,132,125,98,112,105,94,154,157,92,145,86,96,128,114,133,130,109,128,111,103,47,42,6,14,59,47,0,69,53,109,126,160,122,128,157,127,142,140,160,166,118,107,132,151,105,124,103,109,83,151,114,133,143,141,132,127,94,112,114,134,121,150,128,151,133,24,65,4,132,105,163,144,48,163,72,200,202,192,198,168,251,192,191,228,190,203,230,216,
231,254,255,255,215,224,225,183,255,254,243,243,218,238,159,120,87,40,49,26,126,108,155,62,136,116,104,152,127,91,141,113,129,138,118,163,122,138,123,119,108,139,146,89,136,103,133,150,127,131,118,142,46,10,22,36,19,40,36,58,41,121,112,93,99,128,95,112,116,123,117,140,121,105,146,156,122,127,131,133,100,149,92,138,120,157,107,137,130,123,138,147,110,140,141,101,31,35,45,156,127,114,129,70,106,118,113,171,204,217,244,194,210,218,206,211,217,252,211,182,
214,188,196,233,194,217,222,255,223,233,218,239,203,226,201,140,100,136,98,44,40,87,85,166,110,105,91,141,81,122,105,172,105,164,128,115,114,107,115,107,143,144,100,142,135,136,115,96,157,109,140,116,46,46,39,74,53,25,47,62,26,78,128,100,122,131,144,111,129,119,150,137,137,138,109,153,137,143,113,132,125,157,133,130,127,169,155,150,148,121,126,118,132,88,79,26,2,69,154,98,136,74,74,102,135,126,147,156,213,181,195,245,191,224,240,224,252,197,207,171,
230,231,199,197,222,206,199,214,206,215,250,204,230,212,213,214,155,126,90,67,51,51,133,140,118,124,120,102,122,128,148,121,110,108,90,138,112,118,142,104,140,157,142,136,151,127,141,149,110,105,138,134,32,45,24,44,47,43,41,1,40,101,100,102,162,130,160,145,126,87,147,136,103,130,154,134,102,92,168,127,146,149,112,162,125,123,113,154,175,161,160,112,161,36,43,60,116,99,95,130,90,115,80,60,99,93,105,154,187,197,209,191,214,236,210,190,176,216,177,182,
219,222,208,214,239,215,194,215,208,199,225,192,214,255,208,195,166,190,131,138,61,21,70,119,89,130,110,117,142,131,125,116,111,119,133,99,147,162,109,128,124,147,104,135,157,126,128,134,157,143,135,61,33,56,69,21,11,8,14,1,64,87,125,127,130,129,121,128,116,100,124,111,130,132,136,118,156,101,83,127,135,118,163,124,115,154,138,117,104,158,161,106,51,58,50,100,134,127,172,105,81,72,99,85,100,123,105,158,222,193,217,230,213,214,195,231,210,178,179,156,
241,172,194,198,224,214,159,204,215,212,163,170,222,180,233,221,226,177,158,134,109,68,37,36,46,138,105,104,116,95,90,129,118,98,130,99,106,120,85,110,114,139,149,138,102,147,124,129,106,151,119,126,68,44,17,34,19,16,21,44,11,110,75,158,110,141,134,133,110,127,131,129,92,112,115,145,110,120,108,154,154,127,115,152,164,128,141,166,143,139,91,4,43,52,139,97,162,155,205,139,65,73,71,58,126,159,118,162,160,240,205,222,185,173,255,214,182,238,162,185,
206,198,200,221,199,208,194,190,172,197,193,199,221,209,206,233,208,151,182,119,102,128,96,25,39,99,133,107,119,142,125,114,115,112,115,111,103,134,101,143,116,134,124,117,143,127,115,146,151,133,137,88,51,22,39,45,16,37,18,60,34,90,99,108,137,159,151,132,136,121,114,123,135,129,141,133,134,129,84,124,167,129,149,144,130,111,102,123,132,69,43,55,56,115,168,144,94,131,163,122,60,98,55,103,113,139,134,154,159,191,198,191,215,210,198,177,165,186,232,144,
221,233,190,185,190,189,241,223,185,224,202,177,235,160,191,193,216,191,216,171,190,101,135,106,40,17,106,115,138,114,137,142,126,107,145,111,157,126,117,135,153,131,112,130,128,130,119,137,142,118,123,106,61,20,48,7,45,52,25,62,53,85,100,105,154,160,121,133,174,118,113,110,133,171,106,120,121,153,155,117,171,111,108,141,100,146,143,108,56,33,51,62,158,122,125,83,65,98,120,121,93,91,143,92,113,96,142,144,151,200,234,181,212,189,170,222,185,224,166,187,
223,212,209,232,227,205,224,231,230,211,207,197,193,179,195,184,194,216,177,194,160,141,95,109,121,37,13,109,98,89,140,120,112,108,102,113,95,132,121,143,115,154,105,114,135,126,147,113,136,114,127,39,23,53,51,32,36,52,16,34,35,140,107,119,132,108,127,169,126,104,91,150,100,128,99,155,146,137,127,120,139,145,111,143,137,171,143,83,14,40,93,156,150,161,224,106,129,69,83,49,73,73,72,110,115,143,135,116,162,182,197,252,226,170,212,209,208,255,181,231,
207,219,242,245,214,230,223,183,203,209,191,221,171,227,194,215,215,186,210,217,209,172,159,132,116,84,19,60,54,153,137,101,117,102,141,159,124,125,114,131,156,165,95,125,129,134,121,148,127,133,119,119,47,5,51,3,37,24,47,0,40,84,120,145,141,154,116,124,129,117,158,129,119,85,136,118,117,135,106,111,146,147,104,124,141,113,40,36,40,112,147,120,155,232,223,247,178,100,64,67,69,83,73,89,113,147,113,111,172,160,213,181,199,206,156,156,212,239,189,197,
225,200,228,223,213,232,215,217,229,208,231,231,218,177,211,229,219,216,158,168,167,205,201,197,89,111,114,50,0,37,103,156,123,109,107,134,152,133,153,123,90,120,134,133,120,154,155,137,95,163,128,112,51,45,43,0,46,41,56,23,33,136,149,153,169,119,182,125,110,106,138,132,138,104,131,101,155,96,140,102,127,163,128,134,120,14,9,74,151,129,139,169,213,201,201,167,208,170,62,53,46,100,106,119,107,110,107,125,147,223,219,179,163,177,165,160,225,199,220,213,
222,241,197,209,189,216,200,217,218,204,206,206,213,215,184,217,232,200,191,175,211,225,183,180,156,158,131,104,46,20,60,105,131,115,88,97,111,147,114,124,141,102,132,154,74,98,127,121,135,110,115,89,70,23,37,33,50,0,17,27,16,127,127,149,128,107,127,141,121,126,118,133,106,94,133,134,133,130,146,203,136,111,164,132,71,35,58,161,120,110,177,184,224,245,213,239,252,209,180,81,92,81,82,74,121,97,99,150,123,187,169,199,175,204,209,200,199,237,209,177,
224,202,193,229,195,192,218,230,210,219,237,219,173,212,249,200,189,199,184,166,195,219,199,169,231,153,118,73,116,8,0,89,110,152,147,161,165,121,118,120,139,162,118,125,111,143,136,98,123,112,142,107,19,0,5,51,2,15,31,26,1,85,148,117,122,136,133,128,117,159,115,105,141,140,133,105,115,147,115,144,153,149,119,88,64,103,133,135,165,194,240,220,240,255,255,205,218,231,192,196,47,85,116,109,100,87,107,91,128,218,179,148,181,184,184,213,223,222,190,188,
185,187,255,221,225,188,202,198,202,212,192,180,216,198,188,214,186,185,190,177,189,169,162,173,221,240,183,163,144,98,15,6,62,112,141,149,140,143,142,157,86,140,152,119,111,133,140,119,147,149,152,80,37,43,18,3,25,34,31,81,20,96,135,94,135,143,112,136,176,100,112,125,75,150,115,147,157,123,128,92,136,48,55,33,94,113,119,168,185,205,244,200,216,205,228,217,169,244,237,223,71,116,96,89,64,94,130,110,163,156,249,194,162,215,199,180,186,198,173,152,
173,195,223,235,194,168,203,216,204,170,197,177,205,175,172,209,206,185,199,153,192,198,172,220,173,199,139,186,145,46,118,55,31,43,121,114,123,139,117,117,122,119,110,176,127,120,131,120,117,116,119,106,0,39,17,40,59,42,16,54,0,104,134,148,103,130,114,139,125,128,133,138,102,100,121,155,123,151,158,97,65,39,0,108,142,130,179,237,228,239,230,250,246,241,216,217,241,212,225,165,113,87,101,141,99,103,130,104,126,166,223,199,231,190,195,160,147,228,183,195,
163,188,215,162,195,214,250,195,253,180,171,179,189,216,205,208,208,198,181,195,166,201,203,150,180,173,183,148,179,135,111,147,65,55,46,143,103,156,127,151,124,137,127,155,120,136,139,132,150,137,143,84,9,32,33,51,20,23,56,23,57,107,124,97,153,131,145,142,193,90,90,95,117,113,132,167,153,120,103,49,46,59,99,161,149,174,221,245,205,209,174,253,184,198,207,212,225,214,195,238,121,131,104,81,113,100,101,111,139,176,171,172,191,181,165,177,164,210,128,165,
219,172,193,176,148,214,176,236,243,199,174,179,224,214,188,224,178,195,203,194,183,173,203,168,181,166,180,128,139,151,138,136,111,42,49,49,103,110,133,120,126,169,137,124,135,125,106,129,101,149,104,98,42,58,40,53,38,38,14,39,75,157,117,116,137,139,125,111,151,179,148,128,114,139,163,113,164,104,48,46,58,133,150,126,185,203,227,231,252,198,191,205,232,255,197,202,202,255,221,245,106,121,105,84,91,84,140,103,132,187,199,191,208,215,163,161,186,178,230,196,
186,174,189,180,204,228,191,187,167,204,211,179,191,163,190,234,175,154,168,192,185,188,205,163,183,189,212,147,194,187,155,149,128,145,43,49,41,136,131,161,95,119,103,154,114,118,96,121,146,116,106,139,127,171,143,132,150,113,137,158,134,124,158,119,123,122,143,114,145,136,126,143,145,122,131,117,83,37,29,32,122,126,109,197,231,255,224,238,223,195,208,207,227,249,191,190,204,214,185,213,113,92,49,79,53,150,125,108,135,207,192,208,226,160,194,197,202,195,195,194,
223,173,195,136,164,189,211,224,211,226,192,191,178,214,164,191,189,142,189,170,185,194,197,176,203,188,166,200,143,123,185,190,138,129,102,42,22,70,173,143,126,125,101,120,129,164,150,116,101,114,144,121,128,98,135,100,125,123,120,112,145,149,150,112,121,138,130,118,138,163,93,131,115,157,112,44,42,51,121,155,132,142,216,253,209,223,214,220,196,243,214,225,238,179,181,227,232,206,232,225,90,84,49,77,84,132,105,94,163,165,190,180,201,174,209,161,204,184,174,163,
203,221,166,228,197,186,184,168,214,203,191,172,191,188,177,210,203,190,168,189,186,206,191,183,165,218,158,197,183,155,191,185,182,139,109,107,77,51,35,120,148,131,120,138,119,158,99,118,99,122,144,122,147,127,112,139,120,158,130,111,146,120,176,139,139,140,137,116,117,113,123,112,113,121,49,43,67,124,110,152,143,223,195,215,198,190,241,213,226,177,206,237,219,185,205,202,194,222,183,223,155,58,95,103,96,105,107,112,154,148,206,215,238,184,155,153,151,211,196,169,
211,155,179,193,236,162,193,199,187,160,185,173,181,215,169,208,173,198,177,192,176,179,193,170,179,156,156,184,202,197,163,186,193,191,140,131,126,36,50,50,84,137,130,108,125,138,133,111,131,117,144,113,134,158,140,146,131,96,112,114,138,100,144,142,129,160,160,159,115,122,97,116,104,22,31,54,88,119,162,180,182,208,213,215,244,206,210,214,244,245,245,203,205,220,200,200,204,198,180,227,148,55,87,60,92,101,123,78,134,133,168,205,186,213,149,186,197,186,205,184,
146,182,182,181,209,200,202,174,186,195,155,195,173,202,191,187,208,165,204,169,201,168,205,178,192,200,177,187,153,183,209,209,218,173,199,135,128,128,37,33,40,123,139,174,145,124,142,123,141,109,126,113,111,117,133,156,119,150,117,155,179,125,164,96,148,129,107,89,153,146,115,116,39,15,63,132,111,169,186,200,242,209,185,202,236,184,174,255,191,202,217,226,175,189,204,208,209,195,175,216,161,84,74,62,89,128,99,85,140,143,189,198,197,191,172,176,213,188,197,209,
197,180,200,192,186,175,188,209,200,242,211,191,172,159,192,221,191,188,198,147,215,207,200,144,175,217,168,176,160,192,174,169,187,155,195,180,152,94,136,58,14,57,100,125,165,144,145,158,145,121,127,162,101,161,146,113,137,132,162,78,140,151,120,143,123,113,150,139,157,139,65,45,42,66,110,130,115,143,211,208,210,208,215,197,215,203,195,177,203,211,201,213,214,194,188,178,213,196,193,202,159,88,63,78,110,111,99,147,132,173,226,185,192,204,175,173,199,148,195,136,
215,221,179,215,231,211,181,173,214,170,190,200,151,208,195,206,161,183,194,193,196,192,209,188,129,175,249,176,193,195,202,222,197,180,195,181,175,146,100,96,94,36,62,101,143,109,108,117,160,144,139,146,143,152,107,104,110,116,131,119,149,103,153,147,141,106,86,121,143,76,11,13,78,99,137,171,178,216,229,167,161,183,192,189,196,222,201,195,210,177,161,193,183,192,193,228,189,204,211,185,150,123,70,120,114,92,83,111,144,112,151,229,185,186,186,179,173,182,198,180,
202,218,224,228,210,211,204,208,219,182,180,194,217,242,220,215,217,177,238,255,236,196,168,182,206,220,193,172,218,191,161,159,214,199,196,169,206,177,156,150,146,76,57,38,132,136,106,134,98,137,124,150,157,119,130,140,144,137,124,120,130,135,143,166,129,150,137,97,66,60,64,115,166,110,175,191,200,193,201,191,194,203,248,220,172,178,188,195,191,201,185,199,217,216,178,165,180,195,232,186,150,103,81,95,100,100,94,108,133,160,189,183,196,202,186,177,200,187,231,199,
224,200,180,197,223,208,226,203,228,216,193,244,209,209,255,255,242,223,221,209,243,211,234,207,164,180,196,181,191,185,179,184,195,188,178,201,188,196,174,142,102,121,78,58,49,82,121,127,137,139,120,138,134,112,135,143,147,130,135,130,133,129,123,166,93,119,69,48,71,28,131,148,140,182,195,236,227,194,182,155,193,191,189,212,213,190,202,225,229,198,224,196,193,172,174,186,203,190,207,189,153,75,87,101,60,89,109,94,134,154,179,207,195,204,188,199,155,211,168,196,
199,229,220,216,241,158,231,223,211,191,228,236,213,238,216,241,255,246,241,249,241,226,220,201,183,231,231,216,147,196,196,214,194,174,165,209,212,203,184,187,131,85,85,82,30,32,73,126,113,76,136,130,134,124,119,145,113,164,163,109,182,132,129,177,113,67,52,55,62,138,128,147,203,174,177,216,226,219,213,223,191,161,191,231,230,201,199,162,219,210,190,237,198,222,206,212,201,230,178,220,172,93,64,78,86,100,108,95,107,122,149,177,208,217,167,207,154,185,157,189,
194,194,217,209,202,202,208,204,216,176,212,244,255,255,246,241,255,255,230,255,247,224,255,228,255,206,244,215,217,165,169,200,196,196,192,206,129,194,176,199,190,151,131,138,94,0,29,70,94,116,127,141,133,135,102,146,140,97,134,119,126,101,119,131,82,45,30,100,155,117,184,216,225,187,197,226,227,229,204,201,184,187,255,204,170,158,182,217,188,193,201,212,191,217,195,203,165,214,205,180,179,88,56,90,91,94,106,86,127,141,176,198,203,207,149,180,194,221,182,197,
183,204,199,220,240,192,191,222,204,234,239,210,248,224,254,242,255,238,235,231,236,216,251,220,233,207,255,236,207,180,197,218,170,186,172,191,165,213,195,164,169,185,152,116,144,94,50,62,109,130,161,165,89,137,153,122,163,149,144,120,130,141,115,67,46,86,120,88,114,191,227,202,210,171,208,182,187,242,154,224,174,181,187,186,193,202,243,200,215,186,167,192,192,184,203,183,203,158,170,182,192,100,87,88,73,105,78,100,119,155,153,195,203,173,216,166,177,193,172,180,
211,174,195,227,231,198,237,195,210,228,207,199,240,255,255,240,255,239,241,215,255,252,255,231,254,223,237,202,194,210,204,196,204,179,191,191,189,190,206,174,223,189,192,134,121,117,93,82,38,90,128,120,100,103,131,147,117,124,131,124,108,122,18,49,20,106,114,126,113,186,184,185,202,199,209,187,194,205,171,224,169,181,192,189,195,207,177,194,219,193,202,157,201,169,131,203,191,197,187,174,197,145,87,123,128,133,103,102,111,154,156,180,196,171,172,165,200,170,222,210,
218,230,209,255,239,213,228,254,209,255,222,249,239,240,217,255,238,227,255,232,246,224,210,255,228,213,221,232,211,206,167,177,213,194,203,191,193,197,192,198,213,179,209,195,169,124,132,100,57,35,107,146,160,130,170,98,116,127,124,113,89,43,0,48,95,135,134,190,227,177,204,175,223,202,163,193,226,228,203,223,190,190,163,189,203,191,158,211,194,176,165,224,200,155,205,185,169,194,170,201,210,79,87,107,102,106,108,75,141,86,149,187,185,199,182,207,191,175,191,123,
175,255,244,203,232,232,239,240,227,255,255,233,223,250,223,255,247,209,201,255,237,255,241,241,238,255,247,213,226,210,204,199,249,191,168,203,177,187,146,202,185,202,188,198,227,133,138,117,70,27,36,87,154,154,132,162,146,130,151,107,43,33,50,126,101,153,157,210,201,154,212,238,222,172,193,191,181,216,196,176,171,219,133,198,168,205,200,184,204,167,196,229,171,162,202,169,177,189,193,162,185,120,60,79,100,74,138,104,124,134,161,205,180,191,233,178,186,233,186,186,
236,237,224,233,254,228,254,197,255,243,237,215,248,203,255,227,220,223,236,211,255,226,235,235,255,233,243,255,244,223,217,232,208,202,181,199,181,200,186,179,181,190,226,191,198,184,183,129,142,95,61,12,103,148,129,119,133,124,66,50,38,79,121,131,130,231,145,197,170,208,191,204,176,226,191,204,213,206,207,211,194,173,185,175,227,204,199,202,211,144,207,183,171,189,204,190,207,175,227,180,178,115,100,80,73,70,136,128,75,145,172,175,184,193,206,175,158,229,172,203,
225,255,240,218,235,218,255,251,254,255,228,239,255,244,255,255,220,248,219,228,255,255,255,239,236,212,246,255,208,246,216,169,213,215,194,209,209,203,173,218,221,206,164,188,172,195,181,115,138,116,111,50,57,42,52,54,43,70,28,21,114,150,172,154,217,171,215,195,233,214,213,206,244,212,187,202,188,222,216,213,179,200,209,207,185,236,196,198,218,226,211,177,205,211,213,186,192,172,188,225,183,104,121,60,83,107,145,99,121,145,182,151,204,237,198,224,195,212,179,205,
228,239,221,237,244,255,241,219,224,233,226,255,215,192,209,252,224,216,255,255,236,234,220,226,240,195,248,248,218,225,208,230,193,210,218,208,224,202,205,225,201,194,179,203,188,170,174,179,159,115,132,91,51,54,48,9,14,25,36,127,105,124,156,200,173,177,182,186,208,157,197,217,213,209,221,190,180,195,211,195,219,193,197,195,214,162,164,201,179,191,223,201,206,223,211,196,159,204,209,199,194,133,94,91,78,101,75,62,83,133,136,209,181,229,189,175,217,163,182,228,
242,234,255,242,228,235,229,240,219,233,222,222,241,247,252,237,243,255,234,223,210,243,244,214,242,255,197,208,210,210,231,255,228,231,171,217,209,218,200,219,217,192,157,195,195,174,192,192,197,138,107,151,114,44,34,24,58,95,146,139,157,165,180,174,197,180,190,199,217,216,170,194,181,180,189,205,191,194,160,190,195,225,199,233,187,212,180,179,200,195,225,193,189,200,216,183,196,201,224,207,170,162,88,88,122,54,101,109,150,91,149,195,188,163,194,193,239,234,168,184,
223,227,217,231,255,224,255,238,228,234,222,225,243,255,218,241,208,230,255,218,222,255,255,228,238,207,218,227,201,214,231,200,222,204,220,247,216,219,213,200,182,172,210,180,177,200,190,206,199,151,157,97,145,82,35,44,40,149,125,121,201,160,221,129,195,196,166,168,182,183,211,209,196,203,193,153,180,185,211,213,208,213,191,211,204,222,228,218,205,197,236,216,183,181,191,184,140,183,163,188,172,137,115,91,106,115,97,82,91,106,152,167,185,214,191,194,204,217,193,215,
231,255,201,249,222,228,242,240,237,246,220,237,201,205,255,237,255,227,251,238,216,227,199,233,223,237,197,221,246,185,209,199,213,238,202,183,196,230,191,216,172,192,196,174,191,220,211,178,198,171,205,136,116,112,96,114,134,149,145,192,175,157,194,178,162,181,192,178,179,193,195,214,204,197,183,231,192,196,183,197,200,209,200,194,230,186,210,212,217,191,189,196,204,188,142,200,138,188,200,168,179,180,100,55,86,76,134,111,117,118,161,182,204,203,194,202,208,212,213,180,
225,198,216,241,255,249,255,208,255,206,222,246,222,249,241,228,219,255,208,219,203,232,249,231,249,209,219,245,243,201,203,225,186,237,195,214,234,223,202,196,226,206,229,207,212,193,207,162,143,187,140,201,151,124,118,125,120,157,203,173,156,201,187,188,175,224,162,179,204,213,199,195,212,174,175,196,188,188,202,211,192,153,201,220,232,182,207,213,189,218,171,212,197,169,189,215,213,204,169,217,187,171,108,103,120,104,127,76,109,127,170,178,210,217,187,215,202,217,186,170,
238,221,222,240,217,237,255,243,255,223,201,233,223,255,205,245,234,207,236,189,243,232,233,242,232,211,197,235,179,196,206,208,207,185,168,225,177,206,230,220,199,196,229,209,168,200,191,230,221,227,209,149,193,174,127,111,157,169,179,189,214,190,230,204,206,202,170,214,203,222,214,176,175,218,194,188,218,198,209,218,189,207,224,213,206,217,183,180,217,206,192,217,232,220,204,210,218,202,205,184,154,190,71,99,92,95,142,101,128,101,147,148,159,202,243,195,165,190,164,202,
242,216,249,255,222,237,254,209,221,232,255,195,255,255,211,224,206,216,222,187,231,242,164,231,247,212,227,227,189,202,185,209,200,221,208,207,229,194,249,228,184,198,216,175,218,208,173,205,206,232,189,220,226,207,165,193,205,195,192,217,194,183,197,203,194,212,185,206,187,220,204,186,194,198,155,193,223,176,164,165,212,236,189,203,231,194,194,173,212,205,210,211,187,205,255,185,207,177,185,161,207,159,125,95,87,53,101,128,113,104,150,138,199,196,199,169,205,194,167,186,
206,196,222,214,255,243,216,255,215,235,236,255,206,244,207,174,218,224,218,255,201,218,207,234,189,224,227,232,206,228,189,162,190,222,224,188,187,233,175,217,220,199,200,178,179,172,213,237,241,185,209,209,183,215,186,216,184,198,197,196,191,174,202,169,189,232,226,192,204,177,183,178,209,201,220,177,186,191,186,195,207,218,175,205,216,214,225,215,186,207,184,201,215,225,220,204,221,199,198,194,233,202,70,75,114,57,125,97,81,103,142,169,190,194,207,219,210,213,193,189,
223,217,230,239,212,231,202,247,202,240,208,223,202,185,210,220,230,224,213,208,225,197,233,223,224,219,238,208,184,229,161,192,236,175,219,226,177,244,219,183,181,221,208,248,172,198,185,184,228,205,165,222,220,188,229,233,197,195,201,186,202,214,172,210,208,205,194,207,192,181,189,207,183,210,185,216,198,210,196,195,194,213,206,226,179,188,183,187,218,221,215,210,202,173,199,178,190,195,190,201,212,199,106,63,68,117,109,92,102,108,131,132,178,187,162,126,192,178,188,201,
218,215,226,206,203,226,191,237,205,192,215,196,205,196,214,194,206,210,210,197,213,215,225,216,209,237,215,206,203,201,236,171,194,202,198,186,193,212,225,221,209,207,205,224,202,189,241,200,224,238,213,198,189,195,202,227,202,227,220,171,197,168,219,179,232,170,219,231,186,174,229,191,224,178,213,172,211,203,215,204,181,201,197,203,192,209,168,214,202,221,220,193,175,174,245,228,220,199,221,197,170,167,159,118,93,93,106,91,84,116,119,162,209,189,183,235,207,169,216,194,
222,217,233,231,213,255,229,209,225,206,185,209,224,179,235,244,215,235,199,165,203,200,210,228,191,206,222,218,162,166,153,206,181,199,190,210,214,212,196,190,198,198,183,174,201,190,209,137,180,192,227,220,231,199,217,204,223,181,199,204,180,179,193,206,188,218,194,219,182,212,223,195,186,169,170,177,189,217,186,181,168,196,189,191,196,206,206,201,196,204,205,203,200,209,221,219,185,195,223,201,242,185,123,115,73,91,82,134,126,90,107,124,166,200,214,193,193,214,194,201,
239,221,196,255,204,188,214,255,226,231,218,201,213,198,189,197,192,196,190,226,232,197,210,227,221,173,188,209,192,189,191,204,232,208,174,203,220,171,199,179,225,190,200,156,157,220,228,182,236,197,214,167,204,163,180,164,214,206,166,207,232,211,199,172,197,188,212,241,226,221,190,184,195,210,192,228,202,202,190,203,216,211,189,223,165,212,165,186,222,215,198,204,244,212,222,220,192,183,234,199,221,218,85,85,101,110,83,74,68,73,117,173,190,224,211,246,231,214,203,200,
251,233,219,194,228,187,205,237,193,202,187,235,176,196,190,214,159,212,235,234,188,216,225,204,189,216,191,172,204,184,216,204,169,193,215,220,207,186,185,191,205,188,203,190,214,229,192,209,189,199,177,218,188,204,195,228,201,205,197,174,206,186,183,206,188,219,199,169,180,204,225,203,186,224,237,192,235,206,187,220,168,169,197,238,180,210,234,237,213,209,219,191,174,215,222,173,194,225,202,213,224,183,115,68,114,96,113,84,100,132,78,144,186,246,249,208,174,198,203,174,
213,224,248,238,199,237,205,211,223,195,234,215,207,217,160,216,223,193,216,206,224,199,209,203,198,209,169,217,220,208,176,196,195,204,239,200,183,206,190,193,183,161,172,219,182,205,211,220,208,217,229,255,192,197,187,187,236,212,210,225,229,210,211,231,226,213,189,221,220,199,189,193,230,210,200,192,219,212,199,189,192,223,205,223,197,211,220,220,153,169,193,212,236,212,186,246,202,204,223,203,219,173,113,99,94,48,111,140,135,151,120,137,148,195,200,197,229,181,229,229,
213,212,225,246,255,255,180,223,252,204,243,229,202,233,240,214,207,254,200,173,180,181,211,181,182,203,190,197,187,197,220,181,220,195,220,191,195,180,184,220,209,218,203,193,230,206,205,196,213,220,211,197,203,200,192,220,189,206,225,190,233,182,193,175,190,178,231,198,208,174,208,196,192,199,167,237,198,208,213,181,227,207,225,208,187,196,237,196,205,222,196,203,214,228,182,217,210,202,232,235,213,220,145,87,76,111,89,44,87,101,133,165,169,208,240,221,223,234,229,205,
244,194,255,255,211,238,225,211,223,215,250,218,202,251,246,227,195,189,201,212,195,203,221,204,160,212,223,221,230,212,241,220,169,167,200,194,200,187,187,198,191,216,155,187,200,208,236,184,205,212,233,186,181,218,181,215,182,192,185,172,222,204,196,187,239,202,191,211,187,224,217,234,192,203,231,198,198,233,218,203,218,192,216,255,181,224,194,203,242,215,237,255,199,194,221,206,236,237,182,246,203,238,149,65,64,56,90,108,53,88,145,155,145,209,184,192,206,204,235,199,
247,214,215,214,255,228,244,216,181,244,252,239,228,229,212,239,192,189,179,207,181,196,186,196,193,198,177,217,210,193,223,206,196,199,238,233,167,229,201,167,186,172,221,195,171,206,191,180,188,201,227,213,195,212,218,190,200,212,239,195,177,228,202,207,208,161,192,192,178,196,200,214,255,217,205,221,202,209,193,168,184,223,236,244,226,217,228,229,236,211,242,230,212,195,206,216,224,195,172,199,223,208,155,139,106,118,122,107,75,85,121,160,145,226,255,239,202,251,208,237,
215,230,234,236,211,236,207,241,229,238,213,223,219,255,206,192,223,179,210,234,204,239,221,223,177,187,246,206,172,192,179,189,177,166,160,165,191,201,214,241,178,188,243,200,186,180,215,201,184,194,227,221,190,185,198,192,193,196,228,225,192,202,185,200,213,177,191,176,224,166,206,237,219,210,223,190,231,194,181,198,191,229,197,212,219,230,184,252,163,241,210,212,254,233,253,232,241,250,222,229,240,235,183,117,110,121,100,86,133,117,90,123,130,235,226,205,199,255,255,253,
246,234,232,247,255,229,241,202,244,230,208,255,255,224,232,213,191,207,237,188,211,185,222,201,228,204,234,204,209,206,221,202,232,211,161,185,187,194,186,180,170,219,185,208,177,185,189,207,198,162,171,214,189,207,189,161,187,178,169,207,190,239,159,226,206,212,215,185,197,207,188,220,212,225,205,206,209,236,217,236,184,189,152,230,224,212,175,222,213,243,224,240,249,226,240,239,228,241,255,255,196,254,187,84,82,89,107,100,127,79,125,127,169,186,220,251,255,248,223,223,
188,255,255,249,229,237,239,255,191,251,233,221,199,228,202,186,202,196,242,239,171,211,215,180,188,241,241,225,217,239,201,174,183,223,220,195,209,189,170,197,190,203,238,182,210,199,178,199,219,183,201,172,211,167,189,201,216,208,152,199,196,196,192,234,226,177,195,193,203,206,218,173,177,221,213,239,211,245,185,182,200,210,209,201,214,188,193,218,216,201,243,255,229,243,220,228,224,220,255,209,231,205,196,91,67,72,85,83,98,88,132,150,152,184,242,214,232,255,221,247,
203,187,204,232,242,216,219,213,252,228,235,217,241,206,200,235,222,220,192,230,219,217,188,236,202,222,249,193,242,184,194,205,194,187,210,185,175,229,181,207,179,194,195,190,194,189,218,200,193,189,197,221,189,222,228,196,188,182,180,184,190,196,185,181,213,252,178,201,210,187,210,231,226,227,215,225,204,218,166,182,163,231,198,212,189,255,208,204,218,245,205,221,231,227,223,210,249,228,178,231,176,228,185,102,90,120,51,97,83,116,76,140,107,209,237,238,244,250,242,255,
220,224,212,243,230,243,227,209,232,183,207,209,204,214,226,220,228,192,200,204,222,204,212,207,247,174,212,173,216,229,219,227,192,207,161,174,170,193,168,200,217,169,206,196,210,215,177,212,177,213,212,205,190,202,200,192,226,211,207,225,135,206,194,208,187,211,235,191,214,182,209,192,230,209,225,194,211,182,201,204,217,197,190,200,190,185,246,217,196,218,226,240,245,228,255,237,208,203,214,226,217,255,207,112,104,59,71,122,79,125,107,161,123,177,227,225,255,255,224,230,
228,254,236,212,248,219,199,250,228,239,234,193,199,248,241,242,255,210,187,234,215,206,185,200,228,200,187,204,215,250,212,222,218,235,226,199,170,178,192,197,194,158,170,187,168,169,169,229,223,198,206,182,185,195,170,211,220,213,188,225,230,217,178,165,178,211,178,202,217,202,180,183,218,197,221,207,212,211,249,219,171,165,162,218,196,200,230,197,230,252,255,203,220,224,207,253,218,209,223,227,209,216,227,106,112,82,76,110,82,84,144,121,178,197,238,235,247,255,248,255,
