144,129,137,64,165,167,140,168,131,167,137,107,202,171,132,132,124,100,83,156,128,129,192,124,103,179,133,122,134,109,180,127,134,106,114,87,101,120,110,125,110,160,86,102,126,123,147,112,161,137,151,154,124,126,168,179,99,94,99,115,108,133,89,99,119,97,135,123,76,106,110,145,139,153,125,70,134,76,111,133,153,168,135,177,127,122,122,109,125,106,96,117,113,112,138,143,155,121,109,121,144,118,111,166,98,155,83,98,132,122,100,124,156,140,110,128,137,130,104,145,
139,100,119,78,180,130,182,120,156,131,163,129,85,73,116,122,101,154,98,123,104,121,135,125,142,137,145,95,233,157,166,143,103,130,143,110,126,98,168,102,94,154,139,96,88,129,202,129,127,156,102,106,137,98,87,103,145,126,131,153,108,129,200,112,198,208,167,184,126,150,119,77,156,157,122,145,132,133,120,125,106,169,152,87,117,136,107,135,125,127,150,152,161,123,140,155,158,124,123,85,153,131,172,129,84,30,111,101,135,92,91,169,135,185,145,130,69,145,149,177,
152,135,128,113,125,76,157,121,170,105,160,154,142,143,94,108,165,116,221,156,123,182,146,124,152,116,147,82,154,120,183,126,84,161,124,108,112,98,184,148,81,158,114,123,141,91,123,140,99,134,109,135,97,129,78,118,122,112,86,117,113,138,184,160,164,120,138,144,98,102,176,184,118,116,128,151,72,130,141,100,179,171,72,204,97,162,153,121,170,139,97,165,160,144,121,142,180,156,134,130,98,132,134,132,161,90,126,186,54,153,127,129,72,135,121,189,156,91,107,148,
164,53,115,105,156,149,167,171,81,80,84,86,116,127,36,127,176,146,76,96,155,173,62,89,193,173,117,100,105,150,190,88,122,160,150,128,134,81,108,136,147,112,127,109,150,127,112,127,157,201,139,118,156,105,146,146,122,135,97,84,170,122,121,141,138,136,148,132,91,80,101,159,113,126,130,128,98,117,125,147,102,139,110,162,181,127,121,84,96,128,131,131,75,113,125,89,112,203,175,84,109,99,113,110,159,166,205,92,159,125,135,182,99,132,115,107,142,72,193,96,
122,144,149,94,151,104,133,113,124,153,152,135,166,84,138,101,73,89,93,101,169,168,119,139,141,106,191,114,123,84,83,105,131,140,60,141,134,163,151,109,95,71,143,66,115,171,139,90,31,116,48,86,95,89,143,90,130,166,167,141,173,112,94,156,148,161,134,100,122,111,160,141,148,90,90,109,174,62,68,123,103,103,131,138,100,109,96,90,99,115,177,106,88,109,123,117,115,80,97,97,84,130,93,180,121,73,130,82,82,125,85,198,133,163,132,205,169,135,106,140,
139,139,88,161,115,98,111,120,70,122,96,105,138,145,120,82,106,90,93,109,145,68,110,81,106,163,96,169,113,172,136,179,195,115,155,204,130,151,117,108,107,148,154,105,143,124,58,108,88,86,114,135,166,123,105,139,119,125,91,137,122,113,159,98,133,171,85,78,86,131,195,118,169,79,152,103,141,164,117,122,120,133,169,112,160,94,160,181,139,176,135,153,125,118,76,120,185,103,171,75,124,112,127,167,170,126,140,157,200,137,141,112,127,69,144,172,150,84,173,162,
148,151,139,116,88,171,75,120,162,143,101,156,158,173,123,197,145,109,131,80,106,151,112,169,118,120,98,107,115,142,154,124,113,110,156,149,71,171,176,109,182,157,134,128,148,100,158,85,93,164,109,112,120,179,136,132,169,126,143,127,82,161,147,163,133,100,139,72,133,158,140,123,145,124,155,145,65,124,137,192,131,90,178,174,127,125,90,152,169,108,136,130,103,132,134,119,118,162,132,117,91,88,136,192,142,81,122,118,119,75,117,118,112,136,112,116,92,153,133,144,
154,148,157,96,120,125,165,110,126,141,134,120,171,120,151,156,153,141,78,122,198,140,157,124,119,65,171,57,83,81,117,161,98,146,179,127,106,139,184,88,122,124,127,88,166,168,177,162,120,139,122,119,181,111,128,135,103,110,98,175,150,172,128,107,146,149,103,165,156,215,163,116,118,111,98,130,187,127,148,104,185,148,147,99,198,89,103,163,96,77,137,111,135,93,134,181,154,123,89,104,145,138,110,92,118,168,94,101,113,99,91,149,151,117,164,81,122,157,126,129,
116,181,133,160,96,138,119,115,170,146,82,124,147,129,61,120,123,158,176,151,181,128,91,164,167,143,107,140,123,155,130,180,96,121,110,138,119,190,138,162,117,100,154,95,133,155,105,122,168,141,123,143,124,181,162,127,120,104,155,149,92,166,157,112,154,129,180,102,173,168,81,69,158,102,148,160,74,181,110,117,75,123,143,130,84,85,175,110,108,113,112,192,78,129,145,160,162,94,123,183,125,134,150,89,123,150,185,47,104,130,139,157,101,114,116,109,187,100,130,87,
72,137,118,141,172,123,157,141,116,147,194,129,116,162,112,113,124,171,111,156,165,122,128,73,90,135,118,120,112,141,141,114,94,114,143,185,117,148,129,167,193,156,162,119,152,168,90,138,109,180,128,128,81,89,88,79,41,79,134,127,186,165,86,129,74,133,159,108,133,160,122,135,182,80,137,144,118,161,121,161,100,108,146,116,157,99,120,77,144,106,119,172,151,154,116,109,124,91,101,147,119,150,99,180,111,152,137,138,150,153,122,144,201,139,129,132,138,81,74,83,
77,79,127,89,143,119,94,135,135,101,123,148,92,99,99,140,154,91,112,138,204,155,173,102,201,134,164,165,115,110,136,77,150,143,161,165,97,129,118,179,182,135,95,104,170,151,91,107,113,146,157,74,123,118,153,122,96,78,64,153,183,95,79,160,133,100,128,76,79,73,75,143,143,108,136,86,138,151,122,145,87,103,184,95,166,215,136,128,135,98,101,118,124,103,135,151,102,152,141,114,136,96,134,129,160,180,155,85,149,139,136,123,144,124,130,65,117,147,132,143,
102,104,101,168,157,165,136,105,130,143,84,164,112,153,91,107,115,63,140,111,116,104,171,89,154,121,71,91,150,126,107,140,159,142,136,118,121,187,173,143,120,134,116,119,177,147,138,119,110,86,121,164,109,129,138,120,126,95,134,139,95,102,126,114,79,100,141,121,121,145,147,185,130,108,149,162,142,92,130,162,114,155,90,195,146,121,82,50,124,145,141,113,125,113,107,151,134,150,175,162,73,164,159,136,191,145,128,152,115,181,117,99,129,100,97,152,80,114,134,137,
132,121,41,166,126,189,76,130,109,137,122,168,147,175,102,147,72,120,94,186,100,106,143,178,129,128,136,131,185,162,134,107,124,121,118,130,81,103,116,106,166,112,112,110,123,152,77,81,94,122,89,99,134,122,152,128,163,147,105,102,137,166,95,104,93,124,117,77,114,160,161,119,138,96,96,126,205,146,192,182,139,122,157,125,99,141,82,114,96,99,139,120,144,167,145,132,120,102,112,71,102,181,197,125,87,163,120,159,125,74,99,104,133,153,123,161,169,173,156,111,
84,124,120,68,129,159,101,63,146,106,165,123,98,125,93,98,171,70,129,125,115,166,123,124,109,103,108,115,88,165,128,110,100,126,141,97,107,113,65,176,171,87,160,109,152,93,119,50,128,131,98,125,113,71,121,103,112,173,119,108,139,50,74,136,84,132,149,98,123,123,180,120,91,100,145,77,113,99,169,84,156,69,117,91,88,187,148,148,75,78,164,149,106,168,134,182,200,146,120,113,165,88,157,119,139,145,95,104,138,83,147,135,142,106,148,189,117,182,130,159,
142,158,165,136,148,202,143,107,135,178,133,100,138,176,137,74,109,123,116,132,157,154,178,180,121,142,134,152,147,180,198,208,101,101,123,86,126,151,84,113,128,141,86,160,123,98,159,123,175,106,106,167,124,142,120,89,171,82,87,119,127,77,106,119,123,112,162,101,148,181,101,139,100,143,97,146,107,114,153,148,137,120,114,145,140,176,155,80,101,93,81,132,133,128,169,106,133,151,75,49,113,157,142,102,75,143,142,126,146,91,132,92,144,104,116,99,109,138,126,124,
117,123,134,74,163,99,108,121,108,137,109,187,200,134,97,158,111,128,115,147,161,137,75,122,167,110,116,123,74,150,91,165,120,93,135,135,81,107,141,175,66,120,81,95,112,124,134,158,196,93,60,143,100,125,165,156,94,142,131,155,132,122,103,104,154,156,134,164,186,125,151,127,134,114,110,166,135,101,148,137,172,135,156,127,115,120,122,158,126,114,140,141,120,135,93,118,79,143,150,80,101,118,33,158,99,148,198,144,106,124,127,120,137,95,113,130,112,107,104,74,
112,94,107,78,154,156,140,169,97,104,124,96,127,185,174,100,164,192,90,85,169,144,143,50,136,150,137,132,158,139,124,115,97,119,119,89,117,164,161,224,106,130,123,181,83,181,132,126,138,144,116,127,88,125,129,160,84,130,152,161,154,92,90,127,108,159,130,115,179,172,135,101,155,84,129,102,122,72,134,147,82,52,102,145,143,145,147,134,132,176,111,151,174,106,74,190,103,172,146,107,156,87,153,150,82,110,95,123,180,95,117,131,182,164,83,168,111,124,109,151,
136,156,134,96,115,86,182,168,145,104,77,126,101,122,117,177,102,157,147,192,160,149,108,108,131,156,175,96,143,147,113,144,142,117,183,122,135,173,103,167,129,140,138,101,125,114,127,170,134,149,131,136,154,155,147,134,150,148,107,125,155,88,95,104,146,103,77,166,33,117,139,114,157,182,128,105,189,149,113,154,139,118,150,134,106,134,117,107,184,157,94,143,122,118,121,118,162,110,103,115,128,89,166,90,143,66,132,161,165,134,122,127,149,125,135,120,143,91,133,141,
148,150,107,146,80,123,107,134,96,115,122,122,124,76,141,186,130,130,122,122,122,146,164,81,141,89,96,119,100,126,139,153,108,116,133,88,124,99,130,124,121,133,195,193,161,167,109,162,196,155,145,143,152,78,155,78,94,197,154,118,140,122,137,162,118,179,45,132,124,141,142,135,100,126,150,97,125,75,151,92,75,156,100,104,154,154,111,120,164,154,157,175,137,135,153,123,135,97,213,146,154,97,189,149,111,134,117,170,190,86,116,111,123,116,139,130,127,117,107,133,
180,107,166,164,94,187,135,81,151,145,113,202,70,132,158,183,96,191,126,158,124,117,105,128,176,109,114,174,173,106,116,133,102,86,65,129,100,148,122,103,92,112,95,143,107,126,162,136,151,158,119,130,160,154,107,108,170,139,115,136,139,211,143,134,141,94,91,156,160,150,141,103,114,160,125,123,105,176,174,165,137,161,85,123,116,101,127,154,150,141,97,111,135,152,97,134,87,125,157,133,103,153,130,140,129,109,165,124,160,97,109,75,154,130,112,137,123,96,137,173,
126,132,138,149,96,135,150,161,147,164,113,135,95,161,143,138,158,123,140,105,120,166,166,128,136,141,191,113,122,117,154,187,95,62,155,115,120,56,119,151,115,76,115,171,165,107,92,138,147,135,137,87,115,174,146,195,186,141,152,120,168,171,181,134,115,85,139,135,159,179,119,103,91,103,151,172,93,142,136,99,80,133,109,133,75,158,115,80,117,120,124,155,198,85,132,125,160,152,110,164,149,120,140,124,144,165,116,90,139,142,155,133,100,78,106,119,171,112,151,113,
192,152,134,95,132,136,121,124,74,123,101,109,121,115,182,154,128,115,112,102,130,136,104,104,88,110,160,127,139,93,73,131,149,96,161,115,130,121,87,83,125,149,53,135,132,115,114,158,104,103,85,85,134,152,97,96,171,120,96,91,143,205,113,167,158,120,88,117,114,139,92,77,121,113,93,83,152,86,109,155,115,131,149,133,144,78,210,89,96,119,132,70,143,129,170,150,155,153,69,99,163,165,102,173,111,162,175,123,131,136,119,136,110,124,158,145,172,138,107,176,
80,125,126,142,144,118,81,103,120,114,132,123,139,143,143,44,104,126,123,104,96,117,174,91,144,149,115,150,141,145,131,104,87,110,157,124,113,100,109,163,141,121,97,131,82,144,163,92,144,143,171,148,169,83,170,146,119,96,116,128,107,127,116,92,117,57,153,105,93,136,142,118,153,167,173,103,145,138,150,105,120,120,161,110,123,60,82,120,199,147,155,107,116,79,113,149,109,146,96,169,151,112,91,129,148,61,152,92,161,128,78,142,117,92,45,84,164,154,88,126,
130,151,111,192,118,97,136,123,153,65,106,134,148,102,120,115,186,146,162,115,127,106,172,155,146,175,125,157,99,122,119,96,150,107,136,120,123,121,77,101,110,117,125,179,105,121,131,131,148,170,140,119,175,116,155,126,87,160,129,88,145,142,110,127,123,168,127,85,136,98,186,127,110,118,139,104,100,159,152,121,139,52,106,129,130,120,93,140,154,118,119,98,62,84,140,212,87,146,150,148,111,192,84,108,201,56,143,102,139,72,137,153,124,72,121,120,147,144,195,103,
108,107,152,79,134,143,81,156,177,180,166,138,116,147,122,126,164,120,154,109,149,150,55,103,114,161,127,141,149,120,150,157,124,145,136,181,103,78,163,158,165,109,50,105,101,147,56,140,166,149,137,153,114,166,88,124,74,108,149,181,119,123,155,132,142,101,167,134,135,151,121,118,103,170,131,189,116,158,80,118,91,74,165,142,136,85,128,125,96,103,121,107,187,182,109,181,151,151,85,160,137,127,164,120,134,144,165,98,130,114,97,112,74,182,104,105,149,116,165,129,
153,92,140,125,102,197,116,125,120,149,143,77,125,109,135,134,117,104,124,129,119,91,121,108,194,68,109,142,117,140,124,102,153,127,165,142,111,139,139,128,30,98,106,122,70,97,138,95,136,115,165,137,146,51,124,134,164,136,109,145,195,179,80,177,102,147,108,99,156,123,118,150,173,132,108,203,107,155,166,164,80,137,91,105,150,119,94,122,134,60,135,123,138,106,120,149,89,101,156,57,116,83,107,119,121,114,152,126,132,127,92,95,81,94,134,119,99,166,134,128,
96,153,143,153,122,173,129,191,103,121,159,134,117,147,129,149,141,158,133,132,133,109,147,81,151,175,126,153,119,141,104,139,131,83,89,102,124,152,137,112,132,193,132,108,186,121,80,118,146,131,115,117,105,173,162,130,126,146,169,131,127,134,113,121,116,150,105,133,121,155,125,110,144,167,105,135,103,163,108,125,108,165,151,129,110,128,132,119,96,123,145,92,120,168,156,127,127,128,148,143,119,103,136,134,116,105,158,96,170,119,173,139,109,145,152,111,104,144,117,107,
92,120,149,133,138,81,103,138,150,99,105,90,136,141,141,64,113,137,106,59,132,97,121,69,146,155,195,88,114,109,147,154,110,120,95,117,133,114,115,125,106,83,84,125,121,161,124,142,143,134,178,150,128,133,148,157,100,83,129,130,148,161,129,151,153,104,155,130,99,82,125,117,94,82,91,103,155,123,106,162,75,101,51,148,96,102,111,143,89,61,148,106,156,106,110,123,146,193,121,81,133,93,107,120,146,137,162,143,151,96,148,160,136,93,102,124,119,99,103,155,
175,120,135,114,142,84,139,140,75,164,120,88,140,152,164,132,117,110,100,112,129,106,105,66,120,152,88,178,121,104,147,146,190,97,178,125,162,98,106,125,103,180,106,139,193,153,156,159,109,165,122,177,77,74,115,167,84,138,134,115,82,148,105,184,89,131,141,107,211,95,104,76,124,70,109,151,97,159,119,142,178,155,135,63,84,166,145,123,122,149,117,113,123,108,175,144,106,139,159,160,117,184,144,93,150,127,183,95,157,134,133,126,147,143,108,155,133,154,122,127,
75,139,126,155,131,161,103,140,141,156,113,112,106,128,120,127,134,159,164,136,77,106,162,129,113,82,35,144,128,127,114,160,144,148,76,125,134,154,114,110,163,72,154,162,137,146,117,163,134,170,134,152,208,80,178,176,121,102,110,140,138,105,146,158,97,132,135,98,130,85,144,190,80,139,142,187,53,137,154,133,144,54,117,122,82,105,115,162,158,116,177,106,119,116,145,163,152,178,102,94,125,110,152,124,148,155,156,148,111,97,118,124,143,120,98,123,146,148,149,85,
168,173,85,168,141,99,128,104,134,76,112,89,124,122,75,152,130,104,132,151,77,120,161,111,124,117,128,63,104,120,178,143,139,151,100,103,106,169,129,148,148,108,151,140,143,80,96,115,107,98,106,144,124,110,139,138,147,171,137,147,121,128,163,150,138,155,160,161,146,143,118,126,99,161,124,93,150,116,122,83,90,159,83,119,95,177,125,98,89,132,126,73,122,119,131,158,162,128,184,124,106,135,183,127,116,128,102,108,174,107,102,146,104,108,118,123,136,167,117,117,
133,110,122,209,128,86,181,100,106,181,173,87,101,145,142,121,131,107,139,143,64,98,136,137,124,140,129,181,132,85,139,120,121,137,163,141,120,152,125,169,151,106,151,110,136,187,127,169,145,56,167,120,81,147,91,92,139,188,103,144,121,136,148,147,139,113,93,160,62,72,62,86,102,75,148,137,136,128,153,132,146,127,73,93,192,158,127,133,143,67,133,140,107,157,114,136,100,118,112,124,83,83,82,179,102,144,84,115,119,141,122,115,133,128,129,122,135,155,109,92,
151,153,76,149,139,132,136,140,168,105,120,145,122,84,132,129,161,139,139,142,121,180,104,111,130,83,128,160,92,95,100,91,179,160,96,148,160,105,143,157,165,81,177,215,114,109,128,148,83,90,127,150,114,71,135,158,128,174,104,155,147,157,122,95,150,121,156,130,151,132,117,124,111,108,128,159,147,108,131,125,125,129,147,93,112,116,121,78,134,61,134,150,103,191,84,154,119,115,174,166,118,112,131,91,147,56,159,173,87,122,161,109,120,106,157,144,93,121,160,104,
149,164,111,127,166,119,117,138,154,120,85,162,169,139,109,83,86,143,90,170,91,165,89,105,116,135,26,148,134,109,77,153,128,130,172,84,127,172,44,108,109,139,107,109,108,133,182,116,173,150,119,104,154,121,123,178,143,123,117,72,122,145,175,121,129,141,116,133,123,120,103,88,126,140,156,154,139,141,114,146,121,116,131,108,71,167,168,193,68,114,114,96,91,129,100,102,92,144,77,125,169,171,101,186,122,84,90,157,81,141,131,108,128,129,134,174,88,79,81,134,
186,83,62,120,144,119,174,113,141,140,162,116,72,144,112,131,96,113,101,113,70,110,127,77,128,171,172,139,129,104,119,102,132,104,111,162,106,124,125,175,117,136,153,147,169,128,135,164,153,163,110,131,107,107,143,140,130,111,187,115,169,125,128,126,67,119,131,175,72,186,172,138,115,114,133,168,124,130,149,124,65,182,111,133,181,110,174,162,130,164,166,127,138,159,152,117,80,137,156,71,122,139,110,96,94,171,98,137,81,240,133,132,140,139,164,119,95,128,155,137,
177,129,142,41,165,152,163,188,86,139,68,129,109,88,141,193,111,143,157,81,128,111,126,204,157,161,111,160,117,150,100,175,136,133,158,144,137,96,103,132,133,159,123,149,70,126,79,127,110,105,118,160,180,101,141,156,142,116,119,116,172,108,134,133,197,130,124,95,88,105,139,119,151,122,155,138,154,133,110,143,90,142,123,88,125,84,149,166,117,190,132,124,107,116,165,169,147,156,169,192,177,163,138,129,110,111,162,159,135,137,121,111,129,152,126,198,100,161,128,139,
111,116,160,176,148,140,138,141,127,179,152,150,125,133,136,93,143,127,116,119,139,130,148,144,144,118,62,95,156,126,157,159,124,160,123,114,129,115,151,113,160,132,173,108,175,163,125,82,143,152,154,101,182,155,145,183,161,195,149,137,110,169,145,156,155,112,119,156,144,80,94,112,83,170,107,123,133,155,87,114,120,129,131,140,130,95,145,144,162,148,145,140,100,150,106,150,91,102,101,169,104,99,128,145,96,114,140,184,109,140,149,147,137,105,73,163,122,158,138,127,
118,129,115,96,94,133,87,95,123,86,107,146,117,138,105,136,130,42,170,173,149,137,166,180,186,122,155,99,156,97,112,183,171,130,112,137,179,54,125,138,74,143,177,117,81,131,139,85,169,111,134,150,138,120,105,157,102,84,144,152,166,188,112,106,117,60,109,132,88,162,106,156,74,111,170,154,150,159,139,159,72,144,124,142,125,99,77,85,164,115,139,113,124,170,164,98,99,98,150,150,72,81,98,107,146,122,70,79,160,122,124,162,124,74,145,181,167,77,119,87,
101,120,117,120,157,115,126,85,144,124,191,118,132,116,145,152,153,142,71,126,129,105,141,94,119,165,146,132,131,139,112,134,84,142,147,142,112,123,162,94,107,140,155,157,110,139,74,115,134,116,102,118,130,148,142,95,145,175,109,219,128,82,131,208,128,126,157,162,125,88,147,138,166,103,174,150,191,148,138,155,185,192,141,94,110,117,118,125,168,125,113,165,152,152,101,112,123,127,104,76,101,127,110,127,77,94,153,132,119,73,126,124,137,113,143,110,89,111,170,93,
135,122,82,199,156,112,127,104,121,64,98,163,129,113,87,142,167,88,155,164,157,55,144,133,162,49,129,143,164,177,76,115,96,141,122,123,166,119,129,174,134,112,108,105,177,88,86,117,113,86,138,124,121,147,119,131,133,148,121,101,207,173,91,100,112,110,111,144,137,89,144,95,75,151,129,127,218,152,128,123,128,165,124,53,161,75,193,156,170,152,139,167,142,159,128,91,114,122,106,108,183,117,111,168,43,120,122,90,154,134,170,145,166,178,147,140,130,134,140,163,
110,111,145,124,137,153,102,182,128,95,90,167,100,65,105,119,107,130,157,117,170,125,156,138,149,177,143,144,157,136,142,145,110,156,180,100,140,119,149,150,109,138,184,171,92,95,159,174,121,169,209,113,86,118,100,135,120,211,148,178,114,153,95,130,164,135,142,118,162,83,164,143,148,87,114,89,93,91,145,141,149,136,150,164,91,138,164,145,163,157,152,174,112,169,95,104,134,116,114,135,144,79,135,167,100,86,173,100,90,145,90,93,133,97,121,139,152,181,138,151,
145,116,166,130,100,122,88,165,126,130,134,148,117,141,135,75,105,146,151,114,64,139,109,96,86,181,128,76,92,155,130,118,129,117,164,139,113,153,138,158,158,119,71,180,136,165,108,124,166,128,162,107,107,141,135,34,134,129,125,138,144,163,143,94,142,114,93,128,135,112,153,128,107,169,114,142,113,167,142,94,108,132,178,104,106,137,153,179,142,179,121,174,130,130,102,79,82,122,112,116,89,143,144,118,94,89,148,135,164,155,154,157,99,148,81,198,171,183,49,186,
159,119,146,147,141,154,133,128,94,110,118,132,140,175,89,178,109,100,148,130,118,96,142,151,129,141,176,136,113,151,109,189,169,163,224,190,142,152,160,115,77,142,118,116,116,128,154,120,155,110,118,130,133,99,113,148,100,106,156,141,187,111,149,160,118,135,175,132,166,113,127,116,101,79,101,149,142,132,137,167,101,163,101,100,140,169,83,119,103,110,149,133,134,134,120,148,81,132,129,177,87,114,153,151,183,100,106,116,68,138,120,168,169,160,140,113,147,102,136,149,
116,104,100,106,121,85,152,149,83,121,149,115,139,113,130,139,155,125,155,135,118,109,115,120,94,109,125,115,66,136,175,140,159,137,143,202,131,135,132,159,122,132,100,101,123,123,145,95,151,146,105,80,164,161,108,92,109,129,140,116,127,153,109,137,97,161,175,139,122,109,125,141,123,127,149,87,122,84,150,128,127,123,107,166,169,158,94,145,143,171,176,101,89,122,142,192,118,144,111,67,129,134,125,123,143,160,126,143,181,91,179,119,105,160,162,123,206,71,114,182,
159,161,124,132,135,151,136,168,120,104,159,130,159,115,146,108,147,122,104,150,138,146,140,159,165,151,179,158,97,88,181,167,160,145,140,225,121,123,106,126,133,132,177,129,128,81,106,117,130,153,171,97,105,133,151,123,126,128,103,121,166,137,157,154,146,176,79,127,133,96,99,125,199,104,108,167,127,142,91,129,123,128,135,122,172,122,124,162,98,167,132,197,141,153,127,115,128,77,130,108,119,117,130,115,112,132,151,156,150,103,122,156,93,138,127,116,34,146,135,120,
146,139,126,120,146,123,180,164,122,166,117,180,100,143,88,105,138,165,144,107,108,155,100,184,231,196,102,146,74,114,101,143,106,114,95,134,160,153,125,153,122,117,47,80,92,151,135,148,146,109,97,188,121,104,151,50,133,91,131,145,90,152,162,115,102,119,129,121,136,128,179,102,142,146,119,142,132,110,176,161,105,152,118,115,189,146,76,129,140,115,105,145,102,132,56,85,113,157,88,97,93,105,121,171,124,134,113,179,120,142,102,103,103,114,149,171,173,150,146,118,
118,111,137,164,147,153,141,99,147,126,176,119,100,148,123,99,122,60,153,147,146,85,171,78,84,152,142,145,118,75,65,136,116,133,76,140,122,123,118,172,176,147,208,86,181,191,180,169,128,94,110,135,114,129,145,116,113,175,148,113,114,129,114,164,100,167,138,172,118,163,73,183,130,191,147,122,190,137,114,99,113,128,141,152,120,90,144,153,121,133,135,165,105,93,94,122,78,103,110,113,119,118,135,75,93,150,157,94,159,166,147,109,120,113,63,98,88,136,143,88,
64,121,143,113,134,111,137,184,69,130,141,153,124,107,85,114,87,146,89,87,156,118,114,95,130,125,102,143,131,106,101,147,143,63,132,166,150,143,87,115,155,106,89,123,162,148,140,170,184,140,137,158,128,140,105,108,148,131,89,107,144,146,138,109,68,118,166,112,117,152,146,109,156,96,103,133,137,149,88,81,129,157,107,82,135,97,95,164,115,130,166,95,162,96,93,144,119,147,140,121,135,128,88,96,114,121,147,149,158,131,170,130,141,112,67,90,80,64,142,141,
163,178,155,78,108,113,200,98,154,124,121,124,119,115,131,129,132,134,130,102,158,99,119,50,114,144,147,64,128,93,124,113,133,160,142,157,151,138,122,111,184,155,97,152,98,102,107,73,139,120,187,96,29,153,194,110,150,80,72,99,145,115,122,129,165,88,80,101,130,99,87,89,172,117,154,124,154,101,125,100,84,144,179,85,147,128,148,131,161,154,152,118,142,125,112,74,136,159,137,159,162,205,99,159,138,142,155,113,106,174,143,115,98,159,68,100,155,162,97,153,
86,172,109,162,137,108,132,103,136,149,108,164,116,93,106,140,133,154,152,81,122,119,143,50,161,160,154,128,149,156,116,196,116,128,141,138,92,110,128,153,78,103,135,102,187,127,90,117,114,124,91,174,145,76,83,115,153,139,183,96,76,137,152,122,154,128,96,159,109,105,122,157,126,162,117,141,182,124,154,127,88,150,115,165,140,181,118,147,156,172,138,141,158,72,128,114,121,93,103,146,138,117,77,147,120,116,141,113,109,140,136,174,72,200,138,120,172,144,149,138,
121,153,148,119,162,79,92,59,91,111,135,98,143,108,132,118,98,65,99,111,147,39,157,109,111,129,117,166,111,78,185,136,159,165,84,168,159,117,161,132,178,91,156,124,226,148,128,148,129,147,89,140,85,124,143,87,154,134,101,106,180,108,115,107,150,119,166,80,113,95,136,154,75,161,116,177,149,109,114,107,121,130,117,82,158,146,133,87,98,128,51,165,161,100,194,98,130,95,112,158,81,81,94,132,111,129,93,82,109,73,105,183,113,86,153,91,77,208,104,63,
124,95,137,93,112,97,135,127,139,55,101,93,115,150,107,141,100,104,119,137,149,117,181,82,139,167,175,124,133,155,155,112,115,97,160,81,153,148,92,117,91,121,135,140,110,95,145,194,154,110,100,121,110,114,147,110,110,167,157,69,120,135,90,101,116,124,93,161,90,159,117,153,100,123,126,108,68,123,109,142,150,150,179,158,104,116,105,138,66,150,138,139,91,98,120,125,156,128,160,152,108,138,112,75,177,151,94,155,121,120,103,156,140,82,114,116,114,139,120,143,
151,122,135,82,111,91,91,133,121,98,96,176,89,150,149,159,117,96,127,88,83,181,167,117,135,126,128,149,123,95,114,123,94,90,143,150,121,184,158,131,138,166,180,82,114,132,118,168,69,186,122,179,155,121,112,167,110,109,92,165,128,71,119,128,125,117,109,138,126,145,108,157,151,112,123,135,120,135,141,100,104,102,126,124,182,81,123,140,155,146,99,190,125,115,129,137,136,123,139,117,126,89,155,120,110,95,145,154,96,148,118,88,108,80,127,112,166,129,98,145,
87,156,135,149,83,100,165,162,89,122,134,129,136,133,146,121,140,95,152,145,84,106,151,107,153,111,145,103,108,154,124,108,117,72,111,190,169,110,145,136,125,134,172,112,147,107,79,116,87,99,136,95,120,173,151,133,125,151,116,135,118,131,111,102,128,114,129,128,133,154,106,128,133,126,108,156,120,166,115,116,133,100,139,105,157,146,189,117,126,117,112,130,122,117,193,119,120,172,85,151,105,23,90,165,121,139,79,134,129,118,184,115,140,95,114,99,182,126,146,108,
127,111,132,76,148,112,129,139,112,93,55,147,114,118,173,115,77,83,178,128,100,139,122,115,161,86,129,169,68,124,118,135,113,100,104,123,132,86,101,156,143,116,131,61,146,119,128,166,223,185,132,139,171,173,136,110,135,85,130,119,160,199,100,166,137,128,112,130,128,88,147,97,112,128,178,81,107,143,97,152,133,77,75,101,146,166,161,209,211,119,104,173,83,55,186,93,139,158,119,118,108,148,165,78,147,109,137,90,90,90,181,161,85,127,110,185,103,122,112,95,
182,172,156,137,105,134,215,82,156,110,136,133,132,144,109,126,116,142,170,116,86,154,118,65,131,72,142,131,117,201,148,122,156,159,140,175,155,171,155,102,99,140,89,170,106,130,104,76,70,101,168,108,158,142,103,171,126,126,115,153,129,89,102,83,176,108,152,121,180,137,176,109,199,133,140,117,180,94,127,170,105,65,108,109,99,164,169,177,66,156,127,187,103,149,159,125,156,172,143,134,134,117,135,146,104,106,192,155,153,101,137,102,196,112,117,124,145,185,136,100,
125,95,61,113,120,155,94,163,115,120,137,168,64,121,145,161,107,100,122,103,150,118,65,106,161,118,134,111,142,130,96,111,174,142,133,131,109,163,134,142,129,138,125,177,127,133,101,100,121,138,111,151,139,66,122,146,115,164,69,86,91,144,128,149,134,163,82,105,127,89,129,94,87,75,93,179,125,109,165,104,154,130,113,109,145,97,97,139,178,86,164,157,83,75,194,137,121,71,130,86,139,163,159,119,153,114,93,141,120,133,184,88,168,150,173,116,114,135,140,160,
148,94,145,110,133,91,142,134,142,118,101,133,156,94,153,134,133,150,136,123,137,148,85,169,72,164,144,119,116,118,122,122,170,184,113,131,186,117,86,55,109,185,100,97,118,182,176,171,96,120,83,100,115,133,104,134,144,97,117,163,99,173,80,80,145,155,161,210,112,146,120,120,145,102,79,126,130,162,115,142,60,100,86,165,137,123,145,125,123,140,128,95,162,156,129,105,136,99,127,157,128,152,95,129,158,73,152,118,102,98,88,91,145,120,134,175,105,133,114,127,
145,63,93,116,93,99,149,114,195,171,108,112,64,182,107,85,85,147,120,113,179,151,154,142,160,80,150,147,161,134,145,115,113,191,129,132,105,111,98,126,86,162,98,143,139,97,109,111,150,112,167,173,152,92,133,130,99,134,106,156,91,104,145,83,124,147,130,137,89,73,156,103,78,93,113,122,116,83,145,180,174,134,130,148,120,94,98,101,135,92,102,177,106,126,107,84,150,98,163,101,134,146,152,129,129,130,148,137,107,161,141,162,137,98,61,154,105,104,132,180,
124,154,149,103,124,146,70,144,191,148,145,104,90,126,110,148,87,106,95,156,107,142,90,147,165,145,165,148,89,122,108,149,116,165,141,134,122,171,127,96,124,155,111,142,94,128,166,217,118,147,130,160,138,97,143,170,150,134,121,142,123,104,91,165,102,119,122,82,132,83,166,168,116,126,97,141,120,145,168,95,114,52,157,132,99,90,99,179,134,127,149,103,107,113,140,105,115,60,106,133,136,89,150,120,105,114,130,122,139,139,133,163,194,140,107,99,105,132,178,97,
157,110,169,173,124,114,141,107,80,125,103,155,89,127,162,126,126,123,143,140,119,106,114,156,147,89,84,84,125,122,157,133,68,99,111,89,162,152,103,100,99,109,101,105,92,187,157,110,153,156,90,99,121,149,140,173,98,121,150,105,124,117,98,105,124,165,154,129,80,75,103,55,94,128,123,163,120,118,128,97,34,113,108,97,175,135,142,87,164,89,125,153,135,200,120,118,119,174,161,117,130,152,97,143,105,102,132,135,91,128,82,155,85,82,122,119,87,120,176,130,
149,113,100,83,118,100,130,140,126,103,94,123,102,116,162,140,127,103,172,158,61,147,174,124,139,143,107,93,178,152,82,128,137,117,118,148,162,127,169,196,127,123,59,127,115,133,185,182,92,127,96,111,143,135,166,136,119,136,118,106,102,144,139,77,145,138,142,130,150,119,110,187,142,172,168,155,128,87,115,128,98,146,158,123,97,109,102,145,145,135,131,157,93,163,145,106,204,110,125,149,147,144,154,116,86,139,117,145,134,126,147,108,54,172,147,103,77,106,165,122,
211,88,87,131,95,177,84,196,199,137,114,100,100,106,96,181,120,166,129,113,127,120,146,147,138,130,117,88,119,149,142,123,157,158,128,141,89,124,75,103,124,175,99,135,138,176,99,70,168,121,165,177,96,155,126,79,139,162,194,146,139,178,160,146,142,129,180,155,150,131,109,131,105,116,52,152,133,90,102,93,125,134,76,153,134,57,120,88,96,129,126,147,181,78,106,123,155,94,108,191,126,118,151,127,138,95,97,138,154,137,102,123,88,116,154,162,176,136,172,124,
123,89,140,139,122,94,136,108,145,139,157,81,111,110,110,76,54,99,172,118,119,171,162,130,128,131,178,121,177,133,159,113,142,131,90,110,99,81,171,173,74,150,60,75,123,100,127,124,94,124,98,86,123,140,85,98,165,146,74,178,156,169,118,167,110,122,166,120,141,139,170,180,108,92,128,154,86,114,83,93,56,157,105,134,149,146,131,121,70,95,97,128,112,156,127,163,155,94,184,69,159,101,185,188,56,192,25,185,115,97,116,76,211,124,114,169,100,120,163,150,
132,169,174,170,115,134,136,70,177,175,158,160,121,153,103,125,77,82,159,116,163,108,178,39,147,120,102,173,136,82,153,112,137,151,117,186,126,146,120,113,96,140,150,65,136,83,126,154,122,128,112,147,129,92,110,130,105,136,131,164,136,184,99,68,77,121,74,99,104,115,107,145,118,91,151,166,114,120,127,133,81,157,72,142,114,168,93,134,124,112,134,147,94,142,144,122,120,139,114,185,134,110,181,108,141,129,93,148,128,132,182,108,134,147,123,130,128,183,130,98,
111,76,93,152,94,127,135,181,129,146,125,159,106,137,114,82,96,149,167,150,141,109,75,195,111,103,81,156,67,129,101,202,100,188,134,113,110,97,108,95,146,148,82,144,133,134,102,74,167,97,144,108,136,147,135,190,157,116,149,172,115,115,123,82,114,127,148,99,127,112,159,142,143,142,99,161,139,143,101,132,123,171,135,129,124,184,162,153,149,108,114,102,127,60,104,118,88,126,174,88,142,91,125,159,180,133,144,129,152,77,106,179,92,137,155,131,172,98,126,85,
139,144,106,104,141,115,103,120,109,125,182,113,154,125,134,150,115,137,80,113,161,160,188,156,121,131,127,99,127,135,166,126,106,103,76,147,106,112,145,89,142,167,145,137,158,120,143,155,96,91,140,142,118,144,113,147,149,145,139,80,137,148,82,84,176,126,173,151,124,65,157,140,91,133,168,134,87,71,184,124,152,158,102,175,120,114,98,159,188,167,166,94,170,66,148,168,165,86,77,145,142,158,132,96,129,92,91,134,119,101,119,87,118,153,108,77,64,135,81,98,
127,140,120,130,165,129,98,130,120,110,151,96,136,238,132,118,90,166,140,154,99,117,186,170,80,141,110,120,158,142,129,117,108,120,138,85,156,178,96,125,117,152,88,135,166,120,123,133,169,149,136,33,125,160,181,108,93,90,101,80,172,120,120,123,127,126,116,127,109,85,124,101,132,136,140,111,168,83,58,123,137,110,178,117,104,160,135,103,83,164,168,94,110,166,144,120,137,123,141,115,135,92,156,130,125,143,92,143,174,88,126,145,115,120,95,156,131,89,89,61,
171,70,102,108,146,131,49,117,138,136,60,75,162,98,179,164,180,114,112,145,109,102,138,137,68,151,102,102,117,87,77,136,117,88,134,87,95,114,62,98,104,142,156,140,85,154,119,128,94,160,111,139,180,145,103,128,105,102,110,146,95,152,46,168,97,145,134,132,100,128,135,130,75,104,106,151,100,113,94,162,163,121,103,159,175,121,138,177,141,137,82,59,143,130,155,78,168,98,126,154,115,97,108,78,141,191,110,149,82,153,109,132,75,66,201,148,103,182,69,110,
118,105,108,143,110,122,99,98,85,122,113,132,164,146,146,190,158,78,126,59,99,137,143,119,142,152,144,106,122,155,129,110,113,109,112,106,90,137,87,150,106,133,115,106,148,124,103,152,159,133,139,87,157,112,136,144,103,134,105,166,129,119,83,95,138,170,158,131,139,118,108,122,140,128,145,132,135,127,59,116,181,123,152,144,125,97,81,114,125,69,129,161,116,106,180,148,121,99,59,110,114,146,87,143,133,168,142,136,98,92,102,90,131,140,131,101,80,110,180,49,
138,161,103,90,99,94,168,155,107,163,131,99,183,73,126,127,170,140,183,114,167,101,146,148,141,110,166,114,149,112,147,151,129,99,157,104,173,126,113,139,163,130,101,128,124,128,111,138,146,109,119,120,169,108,150,90,145,155,115,171,158,110,86,92,164,172,114,133,194,111,106,102,135,189,91,113,116,165,164,103,187,97,91,138,80,149,144,90,74,125,152,100,163,111,122,124,110,164,137,134,166,131,214,118,112,102,155,128,101,111,161,82,141,118,94,171,112,171,86,112,
143,131,123,160,151,117,150,167,168,139,134,122,122,97,123,106,128,169,119,146,95,79,86,107,164,137,102,179,90,74,151,120,107,101,93,109,82,134,121,152,108,166,90,104,136,122,155,105,139,109,127,31,114,157,156,128,135,158,103,130,131,188,95,109,130,97,125,188,124,91,71,159,83,126,79,163,151,140,124,108,137,145,95,143,134,182,144,142,95,135,116,158,149,140,161,127,210,118,143,103,140,108,105,145,130,177,150,94,123,92,112,199,173,94,153,154,151,221,105,172,
119,136,168,172,128,156,152,97,122,135,103,152,78,161,113,144,148,115,165,181,166,102,104,138,120,104,107,176,104,172,145,92,114,92,152,177,126,124,109,133,169,181,75,123,127,135,116,158,126,136,115,165,150,86,155,84,137,118,151,60,140,99,114,150,145,166,110,121,130,112,170,127,111,57,135,107,107,137,92,95,145,146,83,113,139,108,99,128,122,122,144,103,108,148,131,166,190,161,110,125,127,125,103,113,132,186,127,96,146,64,142,99,135,148,75,76,155,191,111,121,
141,103,142,137,127,158,136,144,164,130,162,162,143,79,128,157,152,157,84,104,103,154,151,162,71,109,146,152,81,82,97,176,121,104,99,140,167,137,167,122,72,115,136,134,115,165,168,142,79,181,129,164,154,146,143,65,151,140,164,114,133,172,160,165,188,114,208,122,101,94,141,130,138,86,127,83,167,78,141,81,118,172,119,127,130,78,90,156,167,116,131,107,111,90,92,40,107,140,102,98,86,137,146,159,138,140,118,114,112,155,154,98,80,104,87,82,173,129,157,142,
135,163,98,118,89,133,112,143,142,117,122,127,142,140,89,141,174,132,126,106,165,183,121,116,87,174,142,126,143,114,120,102,137,113,72,82,104,157,107,122,147,89,132,166,48,85,127,118,138,100,108,137,182,115,136,127,155,65,106,120,106,153,128,159,128,97,127,147,116,123,110,131,91,73,130,135,134,128,151,231,129,93,170,169,173,127,112,172,106,81,98,67,122,155,109,148,178,123,115,114,143,117,115,92,151,113,115,164,80,112,81,134,99,142,152,139,134,189,144,95,
137,105,95,148,96,95,140,161,129,142,177,157,86,143,195,121,114,127,111,91,129,164,139,96,181,76,109,51,142,84,64,172,105,167,161,179,184,118,112,115,143,178,112,122,103,151,140,83,120,104,150,173,104,75,89,155,82,104,127,121,83,86,161,112,120,141,135,128,110,172,105,87,142,142,132,93,107,153,101,142,155,148,174,205,170,155,123,129,155,106,148,116,147,176,190,104,130,146,93,161,65,120,161,141,115,95,128,77,91,168,101,57,108,114,116,161,176,172,126,124,
84,90,207,140,146,90,118,111,116,135,116,110,158,130,112,146,110,113,122,109,127,98,85,102,167,201,137,178,159,108,91,91,137,114,149,158,145,149,148,172,64,144,162,113,103,137,146,115,156,159,165,142,132,143,106,84,115,132,126,203,111,97,141,77,137,149,103,139,198,84,100,117,43,158,107,155,171,115,119,64,132,95,159,118,115,95,104,143,78,93,150,87,114,100,137,127,54,162,160,157,90,165,129,116,71,116,164,112,146,83,210,128,81,164,143,115,123,139,102,70,
76,104,148,167,107,67,125,139,122,80,128,105,143,101,90,141,144,117,139,73,136,144,104,181,104,150,68,143,153,11,135,148,127,112,122,106,117,143,110,111,118,114,101,199,126,117,134,116,111,111,113,188,72,135,102,140,169,143,104,161,75,105,138,157,90,129,101,138,117,124,132,136,86,85,118,167,118,157,165,81,144,132,42,115,138,122,141,144,127,145,130,167,164,155,124,128,162,118,145,71,146,124,135,194,125,127,164,106,97,105,177,139,186,128,137,85,64,186,116,136,
77,109,147,69,120,145,197,111,200,95,91,108,123,166,145,145,150,133,117,142,98,153,158,81,126,117,134,82,132,135,107,175,160,161,115,156,90,169,126,162,121,140,126,167,116,140,145,135,161,142,151,166,93,127,128,157,110,116,165,112,163,101,121,79,163,128,146,141,216,62,63,74,107,104,133,188,163,108,114,137,144,131,82,164,146,114,124,155,89,99,47,176,76,96,116,126,152,137,104,171,152,190,146,105,149,119,121,104,115,129,98,101,131,116,91,111,90,158,35,92,
170,99,132,104,61,157,92,179,188,125,95,110,178,160,121,177,109,133,153,140,124,114,161,110,131,110,130,52,69,95,139,141,119,117,150,124,100,100,136,115,125,189,141,121,139,123,95,131,89,163,92,135,120,149,126,148,130,131,97,135,150,168,107,106,136,139,116,94,152,194,150,122,102,142,182,107,179,142,145,145,106,125,149,106,108,97,133,137,162,87,82,107,150,186,103,118,123,206,142,171,119,175,147,108,112,99,183,97,97,150,142,130,158,167,87,87,123,110,189,139,
126,109,131,118,150,185,124,107,74,131,147,109,128,88,128,199,109,74,95,137,131,138,166,104,134,145,178,82,153,141,96,153,130,163,113,149,114,149,132,176,76,113,91,167,109,115,81,121,157,114,97,147,126,191,150,136,162,109,146,179,139,119,168,107,112,110,141,96,144,130,116,144,149,114,134,111,139,130,115,44,107,115,73,119,136,179,123,147,123,86,118,115,146,182,94,101,122,136,88,125,118,134,70,104,58,195,162,115,125,184,130,157,185,83,135,142,147,135,138,134,
186,109,142,50,87,126,153,166,145,168,122,129,115,168,93,134,128,63,134,109,132,146,152,123,164,141,107,159,74,42,137,153,132,128,97,110,110,162,207,148,124,121,87,115,130,184,163,112,92,110,154,118,131,86,142,87,123,122,117,106,150,157,155,96,109,132,121,104,134,172,66,125,103,166,112,106,137,145,153,156,124,107,145,188,111,122,110,121,86,168,131,144,164,84,89,163,171,125,169,152,76,124,71,104,104,169,133,98,170,131,126,115,146,103,157,87,151,121,106,86,
153,182,98,187,135,121,108,81,150,143,130,103,137,133,114,158,149,134,104,139,132,164,143,131,106,185,95,154,134,89,142,133,133,132,99,100,158,151,113,133,157,131,116,143,115,176,87,117,86,123,154,120,159,130,107,144,118,175,130,102,153,110,193,138,137,137,133,103,104,97,111,97,98,135,128,143,158,142,95,158,113,156,114,143,104,81,153,111,134,72,111,157,146,104,133,131,118,161,102,159,163,81,135,142,127,130,134,129,161,110,153,165,202,121,78,76,71,163,138,97,
162,82,115,127,189,78,123,128,114,80,127,108,121,171,100,151,96,141,115,140,119,123,147,113,126,90,92,133,159,150,98,132,143,144,128,132,126,94,150,135,80,142,131,98,125,146,139,105,135,114,154,108,139,174,149,157,134,80,101,104,136,79,145,142,122,170,168,168,101,111,76,105,121,97,122,124,73,108,172,135,98,133,149,149,182,117,128,136,181,179,178,124,134,153,129,134,138,130,108,179,144,77,122,77,122,125,158,80,136,95,100,152,124,166,69,124,139,125,153,120,
55,111,108,92,129,121,124,84,111,136,80,142,106,150,132,123,152,91,153,102,155,104,158,122,143,155,120,137,85,128,165,165,180,113,153,120,127,130,92,125,125,145,145,198,156,125,153,123,149,102,127,106,103,109,134,169,112,159,109,164,198,116,174,74,154,124,90,63,160,149,102,162,131,96,117,131,97,177,128,121,190,140,105,128,178,99,88,228,117,129,153,168,90,113,141,150,150,125,93,156,149,119,101,81,117,171,124,90,148,117,136,141,140,131,104,110,165,127,142,158,
118,98,123,100,86,74,98,138,135,200,155,131,103,81,132,176,133,127,142,68,175,161,149,68,116,177,104,117,94,140,111,104,131,84,144,124,145,74,140,121,100,156,112,123,184,155,154,175,154,120,127,179,85,176,154,102,139,129,173,49,140,154,109,147,116,100,155,138,168,142,116,142,138,94,94,125,87,59,147,141,145,142,150,114,144,126,120,97,139,147,139,156,157,130,121,108,156,125,124,136,137,122,85,103,151,146,126,186,135,164,194,122,133,150,106,106,145,68,138,47,
142,147,77,130,156,133,92,85,152,89,114,134,59,133,122,147,83,112,123,125,142,135,162,130,43,113,223,116,142,145,155,183,146,120,146,123,114,132,87,84,171,132,165,121,151,101,98,113,178,154,145,153,149,160,93,89,95,104,126,108,153,85,161,150,141,90,59,113,155,157,91,83,89,80,137,158,102,151,173,81,73,105,115,105,113,150,127,125,149,103,79,129,112,125,129,182,120,142,151,112,116,177,95,166,157,115,101,129,151,73,87,190,123,122,124,114,103,117,142,113,
116,136,144,152,129,134,126,139,156,101,95,105,128,164,129,119,128,65,161,222,164,124,99,121,160,179,139,109,177,137,91,87,170,147,145,103,160,120,147,163,158,144,166,132,170,140,96,136,85,142,120,157,164,108,126,141,147,134,115,109,125,132,144,179,124,155,136,100,155,163,149,127,182,95,154,118,128,113,127,112,118,131,197,154,83,91,103,120,121,141,115,133,156,155,105,90,109,127,179,112,107,145,110,123,136,132,117,125,128,141,149,120,137,146,123,110,144,123,188,141,
152,114,81,108,150,128,158,131,166,144,98,160,106,98,167,196,138,112,112,95,148,113,176,150,89,116,141,120,133,126,118,127,141,131,118,152,134,144,114,120,92,119,142,165,149,103,120,128,141,143,114,136,130,97,131,143,149,124,131,123,127,122,115,181,70,109,80,136,180,79,138,155,140,145,127,183,159,106,88,53,112,108,109,145,151,114,130,163,178,129,162,117,114,90,98,121,140,117,144,115,102,99,117,128,77,117,141,113,143,129,134,154,135,148,124,141,75,160,93,134,
115,157,143,141,179,54,170,156,136,97,142,147,106,131,94,131,176,137,133,144,133,116,117,102,81,157,168,167,63,139,140,169,138,110,97,162,167,154,122,131,104,67,67,147,127,124,89,126,104,49,136,123,130,114,107,145,99,174,174,94,201,128,123,197,100,99,149,155,111,140,120,147,161,87,95,146,151,134,131,155,109,64,107,170,174,134,126,67,154,140,106,176,119,160,144,157,136,176,101,164,120,124,86,101,114,134,145,117,111,99,98,108,155,167,93,152,73,118,75,123,
111,108,143,134,124,123,133,127,145,66,119,154,176,162,135,126,152,147,105,171,136,105,161,123,197,101,173,148,162,90,95,142,140,142,133,155,41,138,113,146,134,128,137,143,157,64,120,86,76,109,121,139,127,131,81,147,136,73,127,107,118,82,109,131,147,141,114,139,159,105,190,167,163,105,120,161,158,159,124,123,100,107,213,132,88,71,99,149,106,113,121,139,114,157,131,145,86,161,148,107,125,111,70,120,122,128,142,106,144,133,138,140,146,150,66,112,133,174,115,139,
97,127,117,144,168,96,89,139,102,140,151,99,145,104,144,124,150,116,112,106,113,87,145,105,128,92,191,167,133,106,134,167,98,124,102,130,95,167,140,93,97,121,132,115,153,153,153,166,149,124,170,174,61,132,157,110,170,148,141,108,124,141,117,142,145,192,149,58,100,190,176,136,143,81,135,95,107,194,67,172,97,106,111,108,123,141,196,132,147,104,74,120,124,113,143,117,147,81,94,114,143,126,115,112,95,145,101,126,133,159,115,135,147,100,165,91,106,131,100,114,
140,79,101,137,139,90,146,81,99,122,85,70,130,149,146,119,175,118,123,83,163,142,174,118,157,112,137,89,95,143,143,129,140,109,131,132,128,129,155,109,181,129,132,99,119,112,147,199,132,120,118,108,79,83,123,147,102,114,127,115,90,142,87,148,83,112,100,120,64,117,111,110,133,124,139,110,121,141,94,173,91,109,123,115,125,147,104,127,162,119,135,72,139,93,38,147,132,136,120,104,149,189,122,174,184,186,136,127,126,158,119,114,137,98,99,90,143,96,174,157,
147,149,105,166,140,104,124,161,89,172,99,137,122,120,86,190,114,100,152,109,130,99,80,151,114,99,112,130,108,120,73,91,148,128,144,127,130,136,130,140,163,109,152,133,149,125,130,157,159,125,147,148,168,124,184,74,100,119,115,98,111,131,66,109,83,132,130,166,181,105,139,96,165,132,78,125,175,179,145,174,123,125,83,118,142,130,78,156,129,98,84,176,141,73,149,121,99,132,93,144,158,81,122,146,139,145,146,93,169,54,111,128,121,143,117,153,129,105,128,26,
68,175,147,78,119,119,131,131,107,170,168,111,98,137,95,154,132,74,62,151,115,164,125,125,123,179,151,102,127,110,109,114,198,120,87,140,103,117,55,141,113,141,121,136,179,91,143,108,103,114,124,127,159,160,127,172,148,125,153,164,136,126,90,119,81,156,97,155,140,66,151,187,168,93,126,124,112,164,134,102,97,169,36,128,89,149,141,117,146,91,132,182,96,84,141,95,107,125,129,83,115,134,83,105,139,99,190,131,143,126,133,156,114,131,192,108,123,193,120,120,
143,139,114,122,149,107,144,60,145,125,117,84,135,69,161,103,92,97,118,79,170,99,119,124,168,119,138,179,149,121,114,152,130,131,105,128,100,128,111,101,104,120,175,122,134,113,161,127,140,139,166,89,169,160,122,106,126,129,127,144,130,113,111,125,114,199,59,135,92,146,117,140,101,176,127,147,159,149,149,151,124,89,107,94,179,148,139,144,152,49,141,110,95,120,144,126,149,103,180,111,106,120,144,108,100,99,190,169,70,143,149,113,116,123,142,98,78,182,99,144,
121,210,135,100,123,90,164,136,142,156,103,120,151,133,178,161,95,140,95,105,209,149,158,129,124,93,144,194,95,157,114,49,129,143,118,136,134,128,85,154,163,141,78,117,93,130,109,57,138,102,160,144,156,129,113,105,107,171,111,93,141,151,187,141,168,97,165,132,185,154,150,144,202,159,122,143,122,173,159,149,94,124,139,137,113,189,126,131,159,164,140,91,134,142,155,121,128,99,128,180,113,92,177,83,114,150,203,126,145,154,170,82,144,186,121,155,109,140,97,143,
121,132,103,125,139,156,125,92,99,113,102,184,91,57,83,148,105,93,183,187,121,118,100,110,135,75,158,159,116,129,105,138,94,130,146,131,149,116,129,163,132,123,101,139,116,89,95,106,126,107,129,123,145,152,142,86,92,107,108,143,88,118,130,135,93,103,108,113,141,68,127,164,160,155,174,125,112,134,154,124,150,112,122,117,149,75,80,133,92,107,152,125,132,157,148,133,78,146,154,138,130,125,136,128,107,141,97,73,92,142,109,171,111,178,109,80,135,58,96,171,
140,125,159,131,110,121,110,126,96,117,103,102,132,141,150,128,135,177,120,103,86,135,137,96,143,177,94,108,111,114,144,197,145,157,69,139,125,138,116,151,152,118,67,126,127,95,122,125,134,90,93,159,158,135,118,106,156,180,159,138,169,133,109,95,131,109,123,138,161,156,88,130,112,108,124,148,128,131,79,118,119,163,125,177,110,147,93,93,123,112,153,112,108,122,149,112,135,139,172,147,96,160,125,125,174,72,137,144,193,80,134,152,109,70,115,111,176,165,70,100,
111,114,96,116,154,105,211,126,113,123,107,111,138,194,102,137,86,118,176,100,108,195,157,118,135,99,122,139,105,124,150,99,135,113,140,184,136,142,135,121,100,89,148,104,100,135,120,145,138,66,116,80,151,108,117,136,76,157,121,113,168,79,169,31,130,136,91,91,107,106,147,150,134,145,129,70,110,116,155,153,133,138,107,138,132,156,163,149,125,114,175,147,97,94,110,111,48,113,84,121,99,109,167,132,147,155,127,99,97,104,143,122,103,146,114,119,133,148,112,145,
122,159,75,147,105,115,135,132,129,144,105,134,80,88,165,136,197,118,154,134,103,119,80,131,116,139,83,120,164,83,120,104,127,170,117,91,111,164,105,144,86,118,125,94,122,165,151,105,136,98,149,84,110,101,125,164,132,154,141,144,103,76,130,105,80,111,128,105,103,121,123,155,145,136,114,187,128,131,110,123,118,132,116,107,165,101,138,141,142,103,106,118,133,109,37,128,41,121,138,89,109,163,145,77,118,96,181,142,140,117,157,147,138,135,125,136,144,150,149,100,
115,72,100,137,170,150,194,89,160,89,113,150,114,157,144,124,110,165,93,111,88,130,157,133,158,98,116,156,160,109,121,154,93,174,114,143,173,152,124,117,169,141,175,142,150,124,146,78,50,118,49,140,105,123,111,122,113,153,152,99,74,142,121,118,100,173,82,103,140,152,132,128,156,101,103,133,118,118,135,137,106,49,114,143,166,97,137,143,100,143,78,141,122,83,110,152,154,144,92,162,121,139,149,149,168,144,175,90,128,139,177,148,144,153,112,160,141,163,114,91,
135,110,111,138,106,135,211,148,167,119,87,135,122,171,93,154,136,95,138,70,150,133,136,149,134,105,88,150,75,108,132,136,131,99,75,159,87,131,167,154,127,123,172,141,81,131,118,179,165,175,150,58,123,136,131,109,145,93,110,124,162,123,183,144,144,138,93,156,139,165,153,100,100,166,131,120,162,131,144,150,102,130,154,136,131,149,102,95,147,128,110,147,172,158,135,146,163,138,143,111,69,159,94,139,130,132,196,130,144,90,145,111,69,129,193,125,85,121,82,140,
142,104,154,164,116,141,167,99,119,137,192,85,196,180,108,126,100,114,120,71,137,152,37,138,163,112,142,150,100,126,105,142,126,157,138,135,168,114,197,166,103,127,154,91,155,141,90,136,140,178,112,159,169,141,93,143,143,130,127,160,124,110,131,140,126,153,115,144,114,160,137,114,125,131,70,128,172,99,79,70,137,175,106,126,171,118,117,84,139,128,138,137,104,135,224,110,145,100,112,77,146,104,171,125,125,62,117,151,128,89,136,99,136,123,127,86,140,124,86,117,
91,76,116,106,183,151,113,191,114,144,147,186,109,166,112,60,124,131,120,188,97,123,106,150,83,138,149,164,132,170,111,71,112,159,163,110,107,175,87,150,155,126,128,95,94,84,147,184,189,104,139,140,102,152,108,155,109,130,130,128,120,95,138,84,115,180,171,121,140,96,105,98,147,136,164,102,116,123,113,116,133,150,88,132,151,147,162,144,99,131,98,125,149,165,162,139,166,131,130,125,184,158,75,87,152,61,157,109,80,109,138,140,123,122,144,164,151,154,127,123,
120,112,131,146,107,136,93,163,97,154,109,136,110,84,124,137,147,137,118,110,139,95,149,137,141,138,169,131,103,173,72,118,185,92,159,170,95,192,155,101,98,156,140,201,87,124,104,103,170,133,75,160,160,111,173,179,128,125,134,110,133,152,89,142,140,137,120,142,121,102,115,142,108,151,111,161,133,150,127,119,114,145,137,166,94,106,100,104,150,147,142,137,126,82,122,91,110,119,113,129,148,143,126,80,89,156,146,106,117,117,117,83,108,111,77,23,121,103,118,142,
117,111,129,98,95,129,78,149,104,85,122,99,114,104,131,100,117,120,120,101,126,128,141,128,121,165,138,137,135,132,185,87,124,134,129,111,120,147,166,160,140,138,136,166,132,111,188,127,163,185,148,123,113,124,135,174,133,170,158,83,122,78,157,97,174,83,156,177,111,93,176,121,172,101,153,93,152,140,155,135,98,129,122,132,113,139,75,144,123,149,147,108,80,78,186,160,150,114,155,121,76,80,209,169,130,130,146,116,102,132,101,134,156,112,107,185,142,87,161,130,
123,116,141,137,111,202,137,107,134,108,79,117,145,80,164,178,134,162,109,58,114,108,123,152,98,125,154,158,75,84,62,142,105,130,116,146,151,148,123,112,127,126,102,91,130,113,141,33,100,118,170,160,178,131,158,136,162,96,124,131,97,93,116,139,110,155,117,159,106,152,168,127,112,85,89,101,119,159,111,104,80,121,111,114,121,134,131,121,111,120,120,116,108,126,144,148,96,108,146,116,182,106,148,164,99,131,113,181,165,101,103,101,101,122,144,118,119,152,124,137,
149,122,85,196,98,74,113,184,134,143,127,105,127,110,96,107,101,109,100,152,162,108,128,154,148,82,109,144,120,118,118,137,179,141,89,134,161,87,129,101,168,114,128,64,64,157,171,102,184,126,152,81,139,77,103,75,149,135,76,137,176,145,127,86,124,108,145,191,171,165,114,106,117,143,117,172,133,132,116,134,152,143,106,160,69,139,63,94,144,132,107,116,176,134,149,145,101,81,156,113,148,150,85,121,140,157,115,97,80,75,120,176,145,157,138,194,173,147,132,128,
166,139,120,82,133,70,98,148,83,98,75,153,69,103,93,130,50,137,171,167,98,145,160,128,107,151,115,89,139,109,152,132,82,117,151,161,143,113,113,121,142,115,135,113,151,173,116,142,114,127,97,158,114,138,125,173,133,137,124,88,139,108,103,136,108,154,124,82,98,134,160,122,99,157,176,110,177,134,109,158,75,77,118,176,90,131,163,167,127,122,137,98,78,138,151,74,103,150,116,135,155,92,119,95,163,132,154,108,124,163,63,134,147,189,194,135,85,119,128,86,
103,121,158,143,86,144,98,106,124,85,145,118,110,131,47,132,146,107,142,126,157,123,141,133,124,139,84,155,161,139,92,122,121,138,192,134,109,148,122,126,110,75,90,159,103,137,145,158,141,157,175,220,119,124,113,114,188,152,146,166,171,143,145,175,166,145,108,155,156,123,100,103,161,133,117,105,145,139,123,107,110,155,126,149,105,125,139,138,37,60,98,127,169,138,99,184,119,121,148,116,144,77,103,141,135,60,152,189,177,190,121,128,101,114,118,116,163,87,162,163,
97,96,117,149,195,174,54,121,165,94,155,136,98,151,166,133,123,198,121,81,95,98,143,97,100,133,114,122,104,119,153,96,162,126,164,123,127,109,114,167,149,161,139,122,178,141,138,123,150,160,145,125,134,130,118,161,114,140,167,117,179,102,118,91,113,93,172,122,136,83,130,107,101,115,67,170,110,128,141,92,157,125,150,123,91,103,161,100,114,139,99,109,127,154,87,138,126,117,159,160,130,146,138,121,108,160,125,48,103,109,137,172,138,132,178,145,144,160,155,123,
140,67,160,179,93,136,118,100,120,108,160,116,95,174,178,155,112,106,127,145,124,131,155,128,63,144,158,149,157,134,183,155,84,85,136,126,135,117,118,135,124,161,68,112,132,145,185,106,138,146,177,108,100,156,99,150,103,117,106,88,161,132,122,109,186,130,111,141,103,158,146,166,102,119,160,106,104,158,139,118,140,99,134,204,79,143,95,106,166,121,154,192,98,94,137,113,156,157,74,168,107,166,135,86,91,68,124,148,61,93,157,155,109,129,83,93,110,106,156,108,
141,94,95,91,158,116,144,103,53,149,163,147,133,145,131,174,112,110,96,139,100,120,101,116,114,113,78,136,126,105,155,137,125,132,195,186,87,177,137,87,116,93,165,125,89,143,117,101,112,130,168,147,124,149,155,111,127,144,186,122,92,169,131,138,139,68,113,109,90,116,120,138,202,140,121,139,110,120,99,63,87,144,162,173,143,128,141,142,152,110,156,138,108,87,103,116,128,86,52,92,127,110,123,191,148,161,173,144,96,98,136,167,112,153,204,154,96,169,105,152,
93,116,122,123,87,125,86,142,125,138,101,119,117,191,122,107,161,100,145,173,125,177,150,154,82,95,180,120,72,105,91,112,98,81,74,83,121,132,152,194,101,116,196,130,112,103,157,135,107,121,171,160,119,109,127,118,118,121,169,167,116,129,104,125,144,92,112,87,160,73,130,176,144,128,149,97,154,96,80,107,97,154,105,123,134,144,72,173,37,151,108,108,166,137,167,136,149,165,122,134,150,147,149,158,153,173,140,109,178,147,89,111,92,163,128,93,85,172,195,166,
142,124,118,142,194,116,137,82,148,126,95,171,203,139,162,146,117,142,178,97,130,94,149,118,158,120,163,122,131,126,149,127,173,145,71,114,115,123,111,99,87,161,108,140,94,110,117,147,131,75,89,154,116,141,113,72,111,95,81,139,113,185,64,163,133,141,148,101,120,135,104,153,139,155,126,124,124,163,134,165,87,93,39,151,142,120,62,130,113,157,129,151,160,124,144,144,130,151,175,177,89,179,151,111,111,126,149,130,169,94,144,122,154,94,112,156,182,150,112,115,
58,157,164,148,117,132,135,166,68,161,135,115,90,145,117,106,131,120,183,176,74,136,144,89,102,177,176,153,140,172,111,74,94,163,158,127,146,114,88,126,116,136,187,102,146,130,101,134,164,108,135,92,149,82,113,131,153,141,58,127,123,121,114,176,163,89,117,113,129,136,152,81,88,148,137,173,130,180,89,85,111,125,123,107,126,86,92,126,119,96,162,181,132,149,116,130,125,123,180,109,145,103,152,119,93,100,117,110,129,108,156,156,133,99,141,98,122,156,104,143,
84,58,83,123,139,100,106,98,159,130,145,125,165,119,110,162,143,142,101,161,141,140,103,178,125,152,190,104,173,82,98,116,108,108,144,109,93,174,103,145,102,122,123,117,126,118,158,133,124,118,129,163,115,162,172,123,110,103,100,103,114,121,105,96,143,202,92,126,138,105,138,168,158,157,139,154,121,141,65,88,59,159,107,128,91,199,117,108,126,166,107,125,135,130,125,107,167,137,62,144,61,137,120,134,126,171,69,133,107,145,63,132,64,140,129,128,134,144,130,163,
111,116,96,143,122,141,118,92,128,59,102,118,110,117,130,121,134,84,101,108,135,113,134,130,188,78,129,68,131,148,134,147,101,133,67,92,88,119,83,131,159,84,140,126,152,160,96,151,99,155,152,138,113,133,130,118,168,148,139,165,30,135,119,137,103,140,176,110,145,95,136,108,163,130,157,109,133,90,117,122,144,115,101,117,100,89,176,129,92,123,132,152,159,134,182,148,107,102,120,139,124,176,138,146,148,82,97,169,100,159,112,162,75,92,107,100,157,180,96,106,
126,165,136,100,152,108,77,155,123,141,135,73,82,153,141,143,195,102,69,142,117,106,79,111,152,108,85,110,125,179,123,141,140,169,161,128,87,98,118,127,125,71,88,114,88,89,89,177,168,129,143,105,110,127,89,149,162,150,112,167,174,152,95,75,94,141,90,127,149,127,90,96,146,114,151,131,137,136,192,147,75,67,62,144,112,112,151,98,143,171,176,98,123,129,105,176,125,113,134,140,111,112,155,144,168,125,111,159,113,109,184,130,185,139,119,114,131,150,129,158,
