27,1,15,-107,62,65,20,66,5,65,15,-36,123,72,6,6,-6,-46,-75,47,-1,2,106,-6,-42,85,8,-10,10,-31,87,-1,10,-37,-23,-69,-46,-13,-31,-4,-31,53,-71,-43,-3,-9,32,-27,56,15,39,43,-7,-4,66,85,-48,-57,-49,-22,-33,8,-66,-49,-15,-51,12,-8,-87,-36,-30,28,18,41,-5,-96,10,-87,-29,8,42,67,11,82,-1,-9,-10,-32,-5,-36,-53,-19,-25,-27,17,26,44,-11,-32,-12,27,-17,-28,64,-50,45,-76,-50,7,-10,-47,-7,46,21,-30,0,15,3,-39,29
19,-47,-15,-83,87,3,89,-14,46,5,58,2,-72,-91,-20,-10,-45,43,-50,-9,-39,-11,12,-5,23,15,28,-56,127,49,64,25,-42,3,24,-30,-4,-50,67,-43,-57,44,18,-53,-67,2,123,2,-1,46,-43,-37,15,-50,-68,-41,29,-3,4,42,-33,2,121,-27,116,127,66,93,-3,37,-16,-85,47,49,-11,28,7,8,-13,-5,-36,68,40,-68,-18,14,-36,11,-5,-1,36,40,55,-9,19,44,49,-6,-9,-72,41,5,74,2,-73,-128,-28,-45,12,-60,-61,69,11,95,29,4,-98,28,35,82
40,12,-1,-26,-6,-86,49,-12,69,-38,53,43,23,24,-57,-33,62,-20,127,47,-9,91,31,-7,40,-20,31,-76,43,-14,92,-3,-73,55,-7,-34,-26,-50,93,34,-78,50,-23,-9,21,-62,-8,19,-49,9,-31,12,-51,2,-83,-16,-10,-27,-70,-18,-25,16,93,53,60,-13,17,27,-49,-44,80,93,-16,-21,1,39,-94,4,22,-46,85,71,-94,127,-52,57,42,-12,69,18,-52,61,53,27,-12,24,86,47,9,3,-50,6,10,7,55,-63,-4,96,-123,41,-2,2,-94,12,-12,101,46,-61,-36,33
60,-125,-22,-38,47,35,65,71,-79,-80,-74,-70,-20,-2,-128,-2,81,29,-87,-53,45,76,-110,-66,108,75,-18,-46,-38,37,103,-66,-9,53,37,-1,10,-78,-33,13,32,-27,-1,-32,37,-2,-27,-1,49,122,18,-17,47,-38,30,31,-10,12,-52,-73,70,-10,-11,21,16,13,33,7,-61,-80,-45,52,-25,-4,4,0,-50,-18,-5,31,-44,18,-30,57,88,-2,-12,-74,-54,0,5,6,-88,-24,-6,-64,-27,125,79,-73,-32,-49,-26,-29,51,64,127,-60,51,-5,12,90,-48,6,-21,-35,23,-93,108,-54
-9,26,35,-57,38,-40,8,-25,-7,41,39,12,64,-73,17,-45,-91,-65,-59,-45,68,67,-16,18,21,-36,105,-24,-8,-73,-75,-39,5,19,-114,22,10,58,38,-31,-56,-94,25,-104,-22,72,18,-63,-128,-19,-128,-71,-55,-66,25,-63,4,64,65,22,74,-26,-57,46,33,56,11,-46,-10,-28,53,21,34,-64,-64,-32,77,-110,-100,-8,-42,-41,5,16,-46,-32,-53,-63,-48,-21,82,-36,-67,-32,-8,-18,-21,-80,-51,-51,-73,3,-59,87,-11,-92,4,-76,-77,-4,-72,116,9,58,7,127,68,11,-37,21
19,19,-67,54,-22,-50,-28,-13,-96,-9,-53,-38,17,29,-13,-77,-37,-64,-59,-32,28,-100,-31,-78,-37,58,-54,68,-25,73,13,85,111,-21,44,126,3,38,-18,-33,-35,33,43,-38,25,-6,-116,-33,-66,-70,-24,11,63,-8,-38,19,-15,-4,-62,15,-9,-24,51,-50,9,72,-71,-83,-70,5,111,-17,69,-82,40,-41,22,60,-19,-11,-14,9,68,-26,53,-57,54,88,19,79,11,41,-5,-16,-87,-14,95,-41,72,-89,-7,-26,-1,65,70,-3,20,48,119,16,22,-27,-2,-98,27,74,37,-73,74,57
34,38,18,-21,-66,72,-88,-13,57,25,-45,47,50,75,-8,114,28,-32,5,-79,-37,39,-26,68,-17,-13,-51,-36,-22,23,44,-7,-24,-30,46,35,-96,71,80,-32,91,49,9,0,33,-47,49,-72,-59,60,-31,-27,-13,86,13,6,69,-4,24,-1,-76,56,31,58,9,-47,18,-93,9,51,20,-9,29,-7,45,28,-106,-7,14,106,5,-64,83,76,-2,-5,-63,41,68,-33,13,3,-41,6,9,-14,-17,57,7,-18,-62,-67,13,106,23,-79,-9,-16,-15,-88,-19,-17,-26,14,-27,-19,-60,42,8,27
43,34,48,-54,-13,-5,62,-30,-3,22,9,-14,72,-13,38,47,42,22,-83,-9,116,21,49,-6,-15,-105,72,-119,-76,-79,-19,54,-51,31,86,-1,-37,18,94,-67,-10,-7,-1,-66,64,67,82,57,-13,18,-9,-15,89,-29,0,12,-42,-30,-50,79,37,74,0,-36,29,35,-42,62,47,127,58,-20,-16,-29,-50,4,99,-1,33,-39,95,33,32,-48,116,-66,-41,58,-54,-85,15,-28,11,-59,11,88,43,-8,-65,-40,29,17,-30,-61,-17,67,-56,-45,-25,-48,-61,35,38,-19,61,-79,-10,49,-3,2
-19,88,8,53,-53,17,-16,-22,71,30,-77,-6,31,2,-111,-13,-8,49,79,38,89,-1,-62,61,64,25,-36,21,-8,46,3,86,-54,-12,-30,17,-15,104,17,56,-19,-47,43,-55,8,45,-38,-9,67,21,-8,24,-6,88,57,-1,-14,-40,45,35,-60,64,49,-27,43,2,87,-44,75,66,-78,-98,50,-44,33,53,-90,88,-29,-18,-89,-8,25,4,-74,-72,78,-30,-34,-26,-26,106,-84,2,29,54,57,-56,-8,92,-5,11,36,-64,-8,37,94,-128,-39,3,18,48,-44,-23,-19,-31,99,-47,3,-69
-93,16,-16,21,73,-8,48,21,-21,32,110,2,-21,57,-27,-25,-7,71,-28,47,61,-10,0,-91,-63,11,-17,-14,-26,22,21,-23,-56,-23,24,95,-18,34,2,65,109,47,56,-15,39,67,-63,16,-32,86,0,0,-79,-64,-67,-81,-128,-82,11,-1,97,62,-70,1,-90,9,51,-34,9,54,-10,11,90,-79,15,26,-17,56,-11,55,-47,-33,30,-20,48,-48,-13,-85,27,-37,-15,74,39,44,-19,-31,-6,-61,-45,31,-14,36,-49,87,-29,41,15,17,37,41,-11,27,122,18,1,7,16,-78,-91,-76
-85,-82,-2,-64,25,-15,-56,11,12,-45,-9,33,-59,-48,-49,20,44,-62,-27,16,126,45,75,-44,122,9,60,61,-21,-30,13,-86,37,25,55,62,-52,2,-16,85,91,12,-56,-39,69,38,-62,-36,-25,31,49,-91,-9,-16,42,-10,-53,-83,-107,42,91,-55,-82,53,9,-47,1,-87,-82,-91,-88,24,25,-33,14,-70,16,39,-10,28,-69,-41,93,-55,64,127,13,1,12,-51,-45,-16,-6,-41,12,39,-43,39,21,-23,14,-54,10,2,53,87,45,-72,34,19,14,-9,26,-7,3,-105,-18,31,7,25
-43,-39,-44,66,48,62,13,-39,4,24,-74,60,-26,41,-61,-36,-22,-108,20,-28,-20,-41,72,-64,43,-12,-95,-62,36,-3,-35,20,52,24,13,-17,-12,98,74,25,-14,10,-21,-15,81,32,17,-15,-29,-70,-12,61,-31,2,17,-14,-4,-56,10,19,-55,-43,-3,-23,-82,-46,22,-11,-12,29,32,95,3,-34,34,57,24,-60,3,56,-23,46,-63,112,30,-12,-76,-128,-6,28,22,-26,-5,-25,-35,38,10,37,79,57,-92,60,52,13,105,29,0,40,-22,88,-19,-48,2,-47,-51,40,-80,-24,11,16
7,-11,-128,64,-3,102,-87,3,-32,14,-11,67,31,79,-43,32,-94,-13,-57,97,-47,-37,25,83,1,0,13,5,95,56,10,-35,-6,-12,-16,4,-78,-42,-20,-37,63,-26,-27,-31,-9,41,-86,-78,-56,-10,-66,-48,11,-10,40,0,58,31,-38,-43,14,64,-54,-40,-58,-7,-19,-86,-23,54,55,-15,16,-53,-53,-3,127,31,106,89,18,-10,48,-6,-49,22,-77,-23,-54,-48,18,-13,27,65,28,6,-13,-44,-26,-96,-43,88,115,-6,-69,59,-14,51,-5,-89,-48,-39,8,42,-8,56,68,76,46,-28
-73,-7,-13,-100,2,52,-46,-108,30,-37,62,-9,-50,-5,-58,-50,72,-97,2,-5,-22,63,-8,-7,-32,-42,-33,-21,-67,62,0,-30,-47,-3,22,-52,-35,-25,-105,81,71,-68,53,-32,40,-58,-15,-128,0,5,-50,-5,-24,-94,-11,-42,-27,76,-16,-33,18,-128,-90,14,-73,7,35,-50,-9,-9,87,-14,-62,-46,28,-84,-25,-48,68,-74,46,-98,-19,-61,-67,99,33,33,-89,-84,60,35,-37,67,10,90,120,30,-14,-25,61,-66,48,-14,19,28,-55,-40,17,-74,32,12,23,-36,34,102,-19,90,4,51
23,50,61,14,34,124,26,-34,12,84,9,-47,17,81,15,-90,-31,-8,-21,7,48,43,83,86,-11,23,9,39,32,87,116,127,-45,-45,-8,-71,-3,38,-74,-24,0,22,-70,54,-9,-50,52,-8,79,-37,-37,65,-7,23,-13,-65,72,-76,-68,-15,-2,-84,-37,-15,-8,-27,56,-45,33,89,-45,18,-46,25,-51,30,-35,-24,41,33,15,-14,-23,28,20,80,45,-80,-45,-59,-78,7,9,1,69,-36,8,38,-88,-128,-25,49,24,-43,-88,25,23,-4,30,-61,7,-60,27,-40,-19,-48,-31,17,-3,-6
-18,-8,10,-90,59,-48,-34,-12,-34,14,-31,98,120,9,-51,51,-29,0,-22,32,55,16,-88,-9,65,-30,-20,-9,-90,36,-61,61,-13,-59,11,11,-78,-34,22,78,-104,-13,-79,-54,-26,-7,10,51,113,-58,-113,25,-47,-4,62,46,-56,23,6,46,6,-9,-42,-40,44,46,10,60,96,-5,38,-1,10,-23,-30,63,12,-45,34,15,73,12,46,-1,-21,-13,-11,50,-4,-23,20,21,-14,11,-58,-17,-82,25,36,-80,-45,-17,-128,51,-48,33,116,27,-36,-7,-1,-13,14,-56,-25,4,-27,-36,-40,-90
-27,-57,-34,-83,43,46,20,68,-52,-40,-7,-53,-2,95,76,-46,61,106,-63,-72,69,27,25,-128,14,36,14,7,51,19,-6,-22,-52,-15,-15,-65,-18,60,56,127,-36,3,-9,88,-74,89,6,-4,17,27,-20,-1,-67,-4,2,53,-73,3,39,54,44,-60,-63,-2,-33,52,3,-22,85,73,12,-45,45,-73,2,-44,-11,-93,10,31,-77,-126,-43,28,25,29,32,10,6,80,-28,38,76,-37,-91,104,-41,74,30,-35,47,-68,42,37,-76,-30,-54,-8,86,-55,-18,5,90,61,-76,67,-28,-7,-32,39
13,47,10,-53,-21,-70,90,67,29,-41,-85,-3,-45,-10,-18,82,-43,48,32,106,54,35,-33,-34,6,47,78,-54,25,31,-24,27,24,-19,92,-10,12,74,-42,65,2,20,16,-44,-6,-23,-2,70,10,36,5,13,43,44,32,10,37,33,-35,-5,45,-67,-54,-41,31,-41,-85,64,-128,-18,19,-24,49,90,1,-38,101,35,-25,44,18,-16,36,10,-36,11,-19,-35,93,49,-57,25,-10,-17,-12,-17,57,-29,-42,-21,1,-64,63,-63,26,-104,6,56,62,10,-9,-2,34,-5,12,-14,24,-61,9,21
34,37,-35,30,-80,-8,-34,10,-53,-22,-10,-10,-7,-86,21,96,3,3,-9,-10,-10,30,61,-79,22,-64,-53,-15,-47,-4,18,41,-34,-19,9,-66,-7,-49,3,-6,-11,9,112,108,56,65,-32,57,113,44,28,24,39,-84,45,-83,-57,116,44,-17,20,-11,14,56,-17,84,-128,7,-6,21,23,12,-47,-3,36,-51,-5,-89,38,-60,-88,46,-46,-41,43,44,-28,-14,61,43,49,79,16,12,41,-9,12,-52,127,31,43,-52,102,35,-28,10,-18,69,104,-69,-19,-28,-8,-20,18,4,-2,-18,-35,9
87,-35,63,60,-57,98,12,-78,39,28,-26,123,-97,6,49,91,-54,105,-3,50,-6,-19,-38,1,79,-32,-23,76,75,-36,-21,8,-43,-69,-106,2,-47,34,-11,-42,-60,-27,-56,25,-34,-4,56,14,39,50,-14,3,53,44,-35,-33,69,19,-22,14,18,127,26,9,22,-57,-62,47,54,37,21,-42,-24,54,-4,-8,-38,81,77,62,15,55,-72,-8,-20,-45,-1,43,36,22,-52,-28,12,40,-51,10,-68,-6,48,9,-42,42,3,20,2,-32,62,-6,54,-52,-32,-89,44,4,-26,15,-9,-54,15,75
-3,6,16,35,-54,12,37,55,31,60,-25,11,-55,56,26,17,50,-9,21,-39,-13,64,63,0,14,21,105,-25,-9,-19,43,99,-55,-110,45,-21,-14,-119,-15,38,-22,-86,-22,71,62,-36,-60,17,31,11,15,-68,-22,77,31,112,96,21,40,-13,67,72,89,11,-22,-72,18,12,52,85,-16,-41,-61,-41,39,73,-58,24,14,-48,-80,8,-32,8,-89,50,-21,-80,-18,-14,-6,44,116,-71,7,-6,53,41,-30,60,35,-14,20,-7,27,62,-20,-63,18,23,45,8,-47,-83,-37,-14,72,-27,38,-25
107,41,11,-55,7,13,-12,-7,-89,-9,-45,-32,-11,-22,91,43,0,-21,-27,-44,3,13,-40,-40,-66,-30,53,-1,18,-58,-91,5,35,-54,55,-21,3,-11,-69,-76,-5,35,-125,12,6,-21,-24,49,-40,-42,-72,-72,9,40,-52,-54,72,-14,-53,-61,25,127,-25,66,50,-13,-66,-18,-23,19,-59,-85,-11,-24,-59,-75,40,-70,-31,46,-22,5,36,9,27,-83,127,-65,-53,-14,6,-96,25,2,70,37,46,42,-98,-48,58,62,-43,75,-28,56,78,-9,5,14,-15,14,-30,-6,50,29,73,17,-35,80
-80,-5,-3,23,26,-16,-79,-42,-13,-24,6,-9,19,25,26,-128,-41,-3,-9,-39,-54,-19,77,-61,27,36,-22,37,22,28,5,-40,-69,-29,48,-6,-25,-47,-32,58,22,-12,-52,4,-77,27,58,-61,27,25,72,34,69,-76,71,31,-15,-54,-20,0,-35,-2,-20,-60,-19,-119,42,-39,-58,13,23,-17,41,65,75,-41,29,17,36,-38,-14,-13,54,-30,-9,-113,-77,-13,119,32,45,-35,-20,-82,-26,36,-31,30,-53,68,39,-26,-62,1,33,-111,39,-60,55,0,-83,24,-19,-60,-128,-74,59,43,-66,-3
4,38,-28,106,-17,-52,13,-8,41,-105,-37,9,34,-43,-13,-21,97,29,56,-21,-2,-37,74,45,29,79,-5,48,-48,-10,-16,-53,37,-35,14,-13,-8,-12,-84,-45,-31,-18,-5,84,-39,-12,4,6,33,70,20,-16,78,-19,45,-4,-69,54,2,-67,29,23,-30,-2,-8,66,-1,-71,14,-49,97,-2,-30,-17,18,-40,-46,52,39,-12,18,-127,-37,1,3,-13,-59,19,44,-17,-14,-50,-110,-73,20,127,-69,30,37,34,-28,107,-74,-34,122,-120,25,-43,19,-93,14,42,-6,-94,-11,-13,31,26,112,-42
-33,-35,40,-82,10,26,-79,47,82,87,64,17,-20,32,-10,-4,61,-14,44,-32,35,37,-122,-42,-23,55,-1,21,35,-13,37,49,-7,28,13,89,-41,-83,59,49,62,-32,-128,-39,-46,32,-120,19,63,35,15,41,-24,63,-67,-6,-90,-33,35,89,-15,-9,45,7,23,-45,65,9,11,38,-11,-17,-42,69,6,102,-21,50,-79,-16,-62,-90,61,24,13,-72,0,-4,-54,-41,-12,-35,98,90,-32,89,39,39,-72,54,16,-2,60,-14,11,26,62,-50,3,-23,-52,-27,-89,90,-40,-38,35,-20,62,2
41,-60,19,-4,-43,114,-19,-6,-13,35,25,-84,-5,-31,11,10,-19,-40,-7,1,-14,-62,-12,-34,110,-99,-31,24,-18,20,-6,-44,41,-1,62,24,-28,19,18,1,-128,-49,-37,-10,-97,-52,17,-55,14,-21,62,15,30,-128,-7,9,61,14,-31,28,111,85,-81,82,-43,32,-33,-49,47,-9,-16,36,75,6,-34,125,-35,44,63,59,-80,14,-62,-38,36,-15,-57,-11,9,-113,12,-8,17,-37,-13,35,-65,-44,47,-119,-20,-75,-34,-16,-12,-23,40,-4,6,-1,-59,-55,-78,-57,10,-15,-48,63,10,-1
-53,42,25,42,-9,75,2,105,-42,-11,51,10,-18,32,1,34,22,50,8,7,9,-31,32,-79,39,79,-3,42,-15,22,-40,19,5,-76,-64,-44,-6,40,14,-27,7,109,7,-34,97,-11,-80,-16,30,5,-22,-19,-38,76,57,3,-3,30,68,5,-1,11,-25,-12,-20,36,-39,8,-11,45,-5,-30,26,64,-38,11,-42,58,-34,-6,-34,62,39,1,-30,0,6,-15,-53,-8,29,-60,-13,67,47,-2,-2,-1,33,25,-16,-41,14,10,-20,-39,51,-54,71,-15,74,18,-31,28,40,-29,-41,27,-19,-34
-60,-14,35,9,16,-79,-41,17,37,-49,-39,-63,13,22,22,-107,-25,14,-36,-115,6,-52,-12,-98,31,45,112,-66,-23,-32,32,43,-29,-13,-55,-19,9,-23,-22,-6,-37,-75,-73,-5,-11,55,-6,23,25,9,83,37,1,9,33,48,-47,-76,2,4,33,55,1,38,41,-41,46,3,-48,-76,-4,-18,-56,-76,-61,-42,45,-9,-37,56,-89,-45,-128,33,-54,-44,-28,25,-65,-111,34,-37,46,-36,-31,-9,30,108,-12,-78,8,-59,-36,-13,31,15,57,24,38,-54,34,54,13,-58,-44,-7,-15,-48,-42,46
79,-13,12,-23,23,-74,19,19,-88,60,-13,-66,20,40,59,6,-18,-29,-47,-27,2,-37,-38,-104,-14,41,-66,83,-12,-39,31,31,104,-51,84,-6,57,-49,-36,-6,-42,86,-36,19,109,42,47,52,-31,61,-11,82,-85,-89,-21,64,-74,17,10,-22,-77,33,-39,93,-65,4,22,-35,127,-56,-41,-87,-6,-96,-31,39,-51,52,-15,24,83,45,12,-108,-73,63,28,-9,-9,34,-18,-25,-8,-33,78,27,-36,18,51,54,-18,94,27,-59,36,-2,92,-55,48,10,9,-3,31,25,-33,45,9,43,-11,-1
-88,19,-3,45,6,55,-42,20,21,47,-26,-26,-37,0,-14,-1,9,52,59,14,-86,-37,56,1,-25,-76,-128,27,0,-2,-24,53,26,34,-87,-6,9,44,-23,-30,58,-94,43,56,15,29,-18,58,10,69,10,41,127,-79,84,81,-12,-44,-30,20,17,-38,30,50,-52,7,12,-50,3,-72,27,103,-79,19,23,98,-124,14,44,9,27,-124,-19,-9,-77,-38,-22,57,51,-20,82,-36,-14,-19,28,59,40,84,-44,-57,-5,-30,40,-7,34,45,46,33,-28,-51,-17,-6,24,-13,-49,-8,30,33,35,-71
67,75,-71,67,21,-48,0,-39,10,-87,-27,-65,-7,-10,-88,41,3,-40,6,38,-85,-13,55,-28,-6,-18,0,-108,-40,-13,84,26,18,38,-46,-42,-37,68,1,34,33,-34,39,19,25,-79,-54,-22,-36,-51,-36,27,-7,-31,18,16,32,72,15,32,-11,0,59,36,17,45,53,55,30,24,-17,-3,-48,55,-7,-59,36,-20,-10,-75,-64,52,-75,-14,-55,81,-4,-50,-65,7,-3,-92,-10,-15,6,50,56,0,93,-6,-37,11,91,-2,-20,1,-43,-34,77,-35,-43,30,-40,-34,-17,-8,13,65,-19,-19
9,-31,-10,127,-1,-70,89,-47,-36,88,75,-68,-44,28,23,-12,6,-34,18,25,-107,-50,13,15,-6,21,2,88,7,-72,19,-14,-12,15,59,22,-13,40,-5,68,38,-37,38,-29,14,99,-2,68,28,-119,65,-14,-79,32,-62,-60,18,100,-42,27,-11,13,33,31,18,-25,-58,53,-110,-93,-110,-70,-44,-88,34,15,13,1,42,7,30,-2,-92,-58,107,51,-1,8,25,-101,8,21,-35,48,-23,13,-47,-17,-26,-7,-74,-75,-76,85,-43,26,-74,-22,-15,22,-9,-21,9,1,2,-10,12,45,-32,-60
39,42,-87,36,19,7,13,19,66,-39,-13,28,-11,-74,7,1,54,19,19,23,-12,86,-41,-29,3,-75,0,53,-60,-55,-47,-62,85,54,-53,34,54,-38,25,49,61,-78,82,127,-23,-31,1,33,-75,-64,-1,37,-23,-94,11,49,0,76,-40,44,31,49,-11,-55,37,-12,46,3,39,7,-18,-6,-28,-33,-1,52,31,-34,5,-5,-4,1,32,-58,-26,-21,-12,-84,9,-111,9,37,-42,106,-73,43,-15,-21,77,64,-17,-26,6,-62,32,-121,51,74,-68,-9,56,-32,-13,-37,49,26,-59,-11,54,-39
36,61,-29,-2,63,-15,-18,17,44,-13,-72,56,68,18,-32,-76,-71,25,-63,70,-61,61,-66,-39,-20,12,-128,34,10,-32,-84,41,0,4,74,-74,-1,73,-128,-33,-31,19,-35,-32,-33,9,90,-19,75,36,-15,-40,44,-12,-9,84,25,-8,-18,-94,-9,29,79,-12,1,22,-20,9,-8,-13,-41,-67,-3,21,46,43,18,21,-24,30,-12,-20,5,-33,-95,66,66,108,-99,-23,-23,-53,-62,1,-46,-43,-59,27,-85,-5,68,71,-45,97,-10,-73,-63,49,-79,22,5,-33,1,1,9,77,-67,-82,-78,10
97,-76,-110,-14,27,-14,77,-25,21,20,57,-20,-93,27,-26,5,-53,-25,-46,-26,-96,-30,-2,-85,0,72,74,18,2,-40,-15,-43,7,-39,-29,57,-37,-7,-5,78,-19,13,42,31,68,0,12,61,41,59,-30,5,-35,-36,25,20,3,-29,99,-21,68,-5,0,-4,-102,-15,4,78,-93,97,73,16,-22,-23,9,67,-7,4,35,-7,-105,90,-29,9,89,-30,76,56,3,59,64,-2,17,51,40,-19,-80,15,46,-95,-9,19,-31,-54,-57,72,-50,15,-78,127,8,7,19,18,60,-15,-55,0,46,15
82,2,24,-128,61,39,58,100,-70,18,-100,2,-32,-66,22,109,-29,25,49,-78,0,-28,-3,127,49,55,-28,53,-18,36,-47,79,14,9,49,27,14,-54,-42,7,8,52,-9,36,-96,-4,-82,-2,-30,-39,-16,54,86,-46,22,46,23,-20,-15,-19,74,-34,10,8,115,3,-7,-54,-67,-38,18,-15,38,-11,44,17,43,9,-30,26,-64,23,-9,-66,-4,-73,36,64,-18,104,7,-6,-34,-19,62,69,31,46,69,107,81,59,17,2,-31,-28,57,51,11,15,-11,-29,2,41,-4,117,-46,55,0,18
-29,-19,54,80,33,19,17,22,-2,84,40,36,-4,8,14,-58,24,-2,-20,-15,18,3,34,27,26,-16,-111,-55,47,-3,48,51,-7,54,-8,-24,2,-21,38,-24,54,7,74,-33,78,58,-5,-76,25,39,43,-44,90,46,29,91,55,112,35,15,-30,69,28,47,44,-27,-14,46,27,-80,-56,-26,-74,70,-35,-8,8,45,-68,-24,-14,2,5,19,3,-54,29,27,57,33,28,20,-47,37,-36,36,-62,-43,-45,69,-41,-48,-1,28,-53,-24,20,93,-31,20,34,31,16,-39,-92,59,-10,51,16,-2
-17,1,-21,-54,-56,8,-68,-55,-8,-70,-34,30,-18,17,-39,13,3,-128,70,75,35,14,63,87,96,-11,45,-49,46,-52,-26,91,71,3,-27,15,84,-123,-4,16,-89,25,81,-18,-78,5,19,-71,68,-29,11,36,17,-14,-38,48,-44,-74,27,40,64,100,-27,-37,-18,-114,-31,6,-67,56,-37,47,-91,-29,70,43,37,51,18,52,-93,26,-7,23,-6,-48,-86,-72,60,-21,18,-25,-7,71,61,-50,-49,-50,36,37,-93,-79,-50,-35,30,-10,-97,-82,53,-9,-6,57,-6,-91,28,89,65,-84,-15,-68
-45,-13,-18,-13,49,-21,-3,-71,26,-7,104,-17,6,-21,28,40,41,23,-96,-3,2,-38,22,-56,-15,61,30,6,6,19,-27,11,-74,23,32,24,-27,-8,56,-56,-36,20,46,49,-30,19,-91,-22,11,-20,-43,-16,3,33,24,-54,28,78,-31,127,0,-76,5,127,0,-4,48,57,-4,-66,31,17,64,-41,77,36,105,34,17,46,94,106,21,-57,-31,-18,-17,-4,67,-6,-25,61,39,40,-45,-27,-8,-2,-40,-87,-45,-1,-30,-2,-85,-57,41,6,-14,-92,-3,-6,15,-24,25,-30,-64,-28,69,-58
11,-11,-76,118,47,-26,-2,-40,-12,-106,-51,58,2,-25,-69,24,66,-67,46,60,48,-122,27,8,57,-128,2,26,60,81,-86,-21,-54,22,-11,-8,64,-15,2,76,10,-27,-34,-38,82,-67,-69,-18,-24,-70,17,-7,-12,32,-15,5,9,33,-12,-44,127,76,-62,-47,-27,-30,-29,27,14,-64,26,-55,-89,38,1,-2,127,40,0,-9,1,62,-6,-124,54,-88,109,47,69,40,18,65,23,52,-1,-62,-24,-10,-37,-33,92,-18,-29,67,-128,-13,-11,-64,44,10,70,28,63,83,32,20,3,10,21,58
-29,-28,28,-7,14,42,-43,91,0,-55,-63,65,-46,-105,-38,-14,-35,4,49,-18,70,-6,47,17,34,82,26,26,48,14,23,29,-30,46,87,-47,21,-15,35,37,-32,17,93,72,-60,-55,52,77,-12,69,127,-24,-69,-16,-47,12,-14,127,33,83,-23,42,-55,4,61,12,23,-17,57,-75,60,24,33,-69,-24,-64,-58,-61,28,22,35,13,37,61,-62,17,60,28,59,48,39,77,-27,68,-56,-41,11,-20,-24,12,26,-81,12,65,-47,-69,75,-46,-63,28,-64,-58,8,-52,-11,18,40,88,16,38
29,-20,63,4,-46,-10,-66,61,-3,3,10,34,-19,21,11,-88,-38,30,38,-23,-106,19,-32,-53,-70,89,1,-87,-60,45,4,-17,2,-18,59,19,-25,42,17,50,51,-16,-95,86,13,62,-34,-6,63,0,57,-36,-35,21,11,-128,10,2,-6,16,27,59,25,-57,23,-23,-58,1,11,-26,42,-1,-34,68,-23,24,-25,65,24,-57,-33,7,83,-41,-36,15,41,84,24,85,-12,76,3,3,-44,-82,-77,-10,-27,-19,-64,26,27,-17,-57,-65,34,11,61,45,44,49,-48,34,-78,116,72,91,-128,96
52,-15,30,32,22,44,8,1,-57,-30,-17,7,20,79,-65,84,-32,-47,33,4,-17,-53,23,38,2,22,80,13,-24,38,-32,102,68,59,127,103,24,39,53,-21,-85,24,-17,-20,-21,-1,43,-13,45,-29,-17,3,8,-49,-24,33,-47,-36,46,22,98,-28,36,53,-17,11,78,7,64,-26,-2,-20,-45,-82,-45,35,23,6,15,65,-45,58,-44,-47,21,69,-75,-16,-42,-31,35,9,10,9,-13,33,-78,7,1,82,-68,-23,41,38,92,-47,-36,-20,-100,16,-13,67,69,54,19,-25,31,-43,13,34
-20,-40,-47,-37,-11,-71,40,35,-75,-11,36,-22,18,-25,4,19,45,-5,45,12,-16,-31,-21,-14,-57,-32,-4,-21,-103,13,79,20,51,15,25,123,4,12,7,51,-11,7,-46,-45,-9,-9,28,-55,38,30,-38,-79,61,55,-34,-59,-31,2,20,-20,-1,41,-32,15,-52,56,79,19,-10,-31,-5,22,-9,-2,34,-68,-10,-74,36,0,-1,-8,-36,64,69,51,-56,28,25,72,80,-44,-65,-11,24,106,-16,26,-29,-102,2,9,-4,-8,24,53,-4,25,89,-62,85,-15,-39,53,56,-8,127,-94,-23,90
52,55,-7,6,12,38,13,67,-14,-41,51,3,52,-22,29,-34,32,-10,-40,36,16,29,20,51,61,38,85,50,-51,-66,89,65,53,28,20,127,-12,-8,-37,-3,8,7,82,2,0,-78,-37,-18,4,42,71,-51,-38,9,38,-9,-3,0,-41,-12,63,14,48,43,31,79,-82,-1,8,-53,-49,-5,118,-39,-33,65,-2,24,-61,1,-8,-1,12,-10,74,-9,-6,56,-51,65,6,115,21,42,-1,-21,1,-84,3,-33,-14,-19,3,-22,-27,6,38,47,36,-42,-10,46,-58,17,-2,-20,-128,30,12,-14
30,18,-4,-13,31,-8,87,59,-11,64,-19,86,-47,25,-67,-39,17,62,27,-35,-33,45,-46,93,127,113,-43,29,-90,-23,-45,25,-37,-23,-55,10,53,42,-5,42,-9,-18,-128,-80,-61,38,12,33,30,-32,-51,101,-11,-39,39,-128,9,-62,5,28,-64,40,56,-22,-44,-14,2,-11,13,0,85,-44,23,30,-14,23,6,-30,80,56,-38,40,-17,-22,101,30,-87,2,19,-22,-39,29,-43,7,-119,-71,-26,48,-67,-51,-58,-39,-11,72,-7,11,-25,85,-13,23,-44,-41,-42,-24,34,71,75,37,30,-17
-16,-28,15,60,32,42,22,-49,32,-3,80,-16,-47,34,-8,-48,-10,-113,42,32,30,-72,72,-84,-74,40,23,28,-16,-89,-105,13,-20,8,-87,20,-9,-9,-16,74,79,32,127,-70,88,106,87,69,0,-57,-29,11,-23,2,28,-20,-25,79,33,-26,-24,2,-23,60,-46,64,17,73,-17,58,-91,92,4,105,31,-11,104,16,-24,-49,-24,0,21,40,-13,-63,27,42,-12,9,11,62,-39,-58,-57,-9,-84,-42,-31,-24,-14,-17,12,-88,-58,36,48,-57,51,63,31,-32,-14,-26,-109,-49,-66,13,25,-66
-106,-11,26,-26,11,-29,16,93,-98,3,22,41,-6,-36,-71,-24,-68,30,-65,-69,47,-16,-23,-54,4,-5,-43,26,6,-36,-45,31,25,-109,7,64,36,25,-69,-22,45,-37,-64,-8,57,33,19,69,94,21,15,51,0,20,-39,-34,33,5,-65,-34,26,30,16,-31,-100,-16,63,-26,-18,40,30,-31,46,-53,-41,9,14,35,-66,-79,2,49,-35,-77,12,-51,-54,60,-21,3,64,-55,57,-54,-58,26,-15,31,20,-11,12,0,-67,-53,-24,-12,31,35,50,5,70,3,22,-26,-102,-63,-80,-107,23,22
59,84,45,-83,-33,-25,121,-51,44,-7,-11,-7,-14,-22,5,2,7,10,4,-43,51,-49,-15,-128,-24,26,31,-107,-1,-59,-6,-25,9,54,23,48,39,17,-11,-28,93,45,-52,40,-50,-44,-36,-91,19,-13,99,-53,-128,42,111,-30,36,-80,-94,-48,28,-22,-9,2,62,-67,-80,-46,4,-49,-68,-65,73,-18,44,-7,43,-45,-4,-46,-73,27,86,-72,32,0,34,4,55,43,39,-17,24,-5,-26,-90,14,52,15,52,56,127,-49,52,17,23,45,-24,-37,76,25,-21,-50,51,-101,-47,45,57,-52,41
-69,73,-32,57,15,-33,6,-41,13,35,-33,60,-20,-58,-37,20,9,43,39,-78,-10,-15,25,-128,54,53,44,0,34,46,-20,114,-20,-1,21,17,-60,-30,-1,41,-84,-42,11,-44,98,-2,-63,-18,-24,-6,-62,77,28,-86,-75,-21,41,19,92,-54,-86,15,39,-10,43,1,-53,52,-31,-38,-10,48,-4,57,-19,21,91,-6,43,-1,-67,36,-22,62,20,88,-17,32,47,74,17,22,50,-93,1,-23,-12,-59,-41,30,16,-18,-84,31,-13,-20,22,-24,-31,21,14,76,-93,119,17,-14,73,26,36,17
-12,41,34,-15,57,-82,-60,-115,-62,-28,11,-50,25,-33,6,-17,-49,-106,-48,-28,31,-128,48,-31,-28,1,-18,63,-29,-83,94,14,52,62,-73,67,52,-19,55,6,84,-61,46,-6,127,33,1,34,2,32,-65,21,-71,-6,25,-69,43,10,-44,-36,87,-34,-22,-35,36,-16,63,-80,-24,-55,13,44,-88,55,-19,82,35,-32,-24,-35,-11,4,-18,-76,50,30,8,-69,-50,1,-128,62,55,-47,111,-51,4,-55,-27,50,-79,-79,-56,7,-29,1,-58,-77,-32,-91,-39,92,-26,-70,42,-61,-86,127,-40,-108
-6,-56,16,-58,-27,-51,11,-1,19,-122,-46,-58,-22,36,-35,21,-47,-40,-15,15,35,-18,88,-76,18,65,79,-6,9,45,44,-27,-22,-52,54,-78,42,34,-60,-19,-62,-12,12,19,-30,-54,28,110,44,-29,-46,-12,-31,-24,32,-29,-30,65,48,-98,-13,11,-63,-46,-19,-6,-58,56,-64,52,-19,42,-46,-8,-4,-33,-101,-8,-32,23,37,37,85,50,-41,-21,-39,16,-103,37,17,19,-61,-50,-14,-4,47,1,53,40,-33,17,-26,-88,82,38,-57,45,-12,-13,-42,47,21,-76,-23,-20,-23,18,-14,25
39,-10,11,-77,-28,-62,-62,9,-12,-50,-53,81,-66,37,35,52,-19,-53,-1,-66,-75,88,64,-19,12,-3,1,36,-8,-55,-24,-8,-56,-64,24,36,-11,94,49,5,16,63,87,-77,-24,7,-16,67,-98,96,-9,85,45,-11,-26,66,-31,-31,-60,62,0,-95,-15,-1,-5,-18,-32,17,-3,28,-33,48,38,-27,-8,12,-13,11,21,-47,-40,-43,-4,-7,90,-78,-8,21,46,31,-49,104,-5,-22,2,15,13,-8,18,-19,-4,-66,45,-13,-31,-54,28,43,-53,34,-17,-67,-33,-80,-2,-26,64,2,-51,29
-69,46,12,35,-75,-46,62,57,-65,-10,10,2,14,9,30,-12,21,-55,41,28,-73,-37,38,-35,41,-29,28,-42,-34,43,-7,-33,-19,-93,-28,103,69,-31,28,13,-5,10,74,-27,32,-35,-81,-19,-69,-48,13,-55,-14,76,38,8,-5,39,-20,12,-16,6,-29,-43,-1,-24,2,0,9,44,-36,1,8,-4,-33,47,-14,63,-21,-20,9,-47,18,-39,48,30,102,-19,-4,-18,-27,4,-10,-18,109,-15,-14,74,-72,39,-38,-128,-63,62,-12,19,-82,10,2,-17,93,-22,20,-54,-24,-48,90,-3,29,-33
-2,-29,7,-87,33,-26,2,18,-27,-59,-122,32,-23,-16,75,-22,-86,-74,83,-1,-46,19,-11,-22,55,-71,1,68,-99,-6,-17,12,-25,-47,-40,-9,7,-70,-45,47,25,-20,5,-112,29,-16,0,63,127,95,7,19,71,76,13,-30,11,-71,3,-16,53,118,-46,64,16,1,-26,4,0,-67,31,-52,-26,-1,83,-78,-34,25,-51,40,8,-85,-89,-45,30,63,56,127,127,-15,-39,75,-76,-121,97,-59,19,51,-15,-17,-34,33,62,-84,32,-31,15,-64,-63,-64,89,55,-71,-2,-30,95,-42,-10,-26,-56
89,73,46,14,-39,11,127,-77,46,-29,13,8,7,26,-32,-3,-20,24,70,-21,-71,43,-17,-105,6,-94,23,4,-18,122,33,-10,47,52,19,78,45,72,46,-43,-49,19,-66,69,-36,3,-40,-87,-96,-45,67,-33,49,24,-41,72,-4,-4,-21,41,2,-65,-43,-75,80,-34,39,-11,86,16,80,-31,118,9,21,-19,87,-56,-2,70,-38,-105,-33,-32,-49,60,68,82,-103,47,-1,99,-41,35,52,-6,47,74,24,9,10,-18,11,30,-41,-36,107,46,41,-46,15,-43,114,-27,-18,-7,29,95,13,-47
-4,-55,-111,-25,-14,46,-57,58,-22,-13,15,67,-107,-12,29,56,-35,-47,-9,-41,37,-17,-105,-37,54,-16,10,-28,23,3,-54,-28,76,24,9,5,-31,58,9,24,2,17,-5,81,-2,8,-44,-47,-11,17,-28,39,19,-104,-10,31,-22,61,-99,-69,-62,27,0,35,11,58,-77,-39,-1,-66,2,-57,-68,-88,-58,85,-5,-32,62,-41,43,4,-25,-31,29,-52,-52,18,83,-69,61,49,-75,-88,110,15,-11,-95,4,-70,18,58,51,-15,42,-23,-58,22,-13,8,94,-67,66,37,76,-20,-23,12,20,53
33,-56,29,-30,8,-62,23,11,24,-16,-45,8,46,-56,41,11,9,37,14,-9,15,33,-72,68,-94,60,27,-16,-20,-17,-11,-10,70,93,-25,6,96,-19,-69,-122,-31,95,-47,-51,-17,90,80,71,-53,-14,-75,-46,-21,8,-39,10,27,-51,-18,58,-48,75,-80,-80,28,45,56,127,-26,29,-13,-14,28,-44,-81,-3,3,56,-21,23,-113,-47,-71,62,14,-8,29,-4,-8,20,0,-55,57,46,2,-38,13,-49,-2,48,0,39,-55,1,49,-92,40,-17,-43,-50,-67,-61,28,-14,10,79,-39,8,-23,-2
28,-109,-59,-20,-58,-48,35,-24,111,71,-33,-26,-107,90,-34,-72,-72,32,-14,-25,84,39,43,24,53,-81,37,32,56,10,29,-21,-26,105,1,7,-38,-29,-49,-3,-70,57,-50,24,19,-51,-32,-28,36,-27,64,75,41,-59,8,4,-49,11,-37,46,-62,-40,29,-76,-6,32,3,15,-66,-92,46,-42,-84,-58,-25,-10,-20,-74,28,87,76,10,3,33,-14,-56,-50,-46,11,-61,-43,82,-36,-4,-35,-73,36,-50,59,-45,9,30,39,2,1,4,34,15,-36,55,21,57,15,-49,-112,43,-39,-40,7,87
-7,43,34,-41,-6,30,-97,26,105,33,28,-41,-63,-3,-31,33,-68,-36,-55,46,-34,23,-63,32,61,29,62,33,-65,-9,-33,35,-20,62,21,9,-10,72,-2,-54,-7,44,-28,24,-56,0,63,127,-17,32,3,53,17,-51,25,70,37,10,-12,24,-8,-40,-62,62,-44,-15,-10,-76,7,-75,64,67,-20,-3,-52,22,-13,28,67,-55,-23,-126,49,7,-49,-63,-48,85,9,-1,35,-41,-35,-25,20,-39,-21,-113,-37,9,14,-65,37,-13,-39,-23,4,-10,18,18,9,58,110,20,-35,-49,-38,6,84,-52
49,-30,68,75,-7,-23,22,-35,-79,-4,-42,45,-65,-1,57,-4,-4,-8,25,20,-16,-36,-24,47,32,-65,-74,-73,-5,-11,49,8,-100,-49,-29,-64,56,41,-42,-46,-48,-32,-45,-38,-59,99,49,-31,42,46,-64,-49,-11,34,20,76,-51,-11,36,-39,-7,-18,-49,-39,-6,62,43,1,-80,-88,-41,-122,-57,1,-8,59,-14,-17,1,-51,-128,-26,-33,-52,79,12,23,-68,60,-64,-6,41,12,120,-14,-16,-16,76,56,-18,4,40,-52,25,-39,-43,7,12,-61,1,-76,44,-71,-76,-10,-15,-68,-13,81,4
34,-25,-47,-75,-17,-46,3,19,-3,-41,-57,-8,-44,-21,56,20,-2,-42,73,49,-112,32,77,-7,18,25,-35,-58,83,40,-76,0,15,-18,-17,34,56,-2,68,113,-2,-9,-115,-1,-22,8,95,89,-59,-1,-53,-29,25,12,63,13,-14,13,-16,-36,-44,27,18,-85,29,16,23,3,37,-16,-29,98,23,73,67,45,1,-69,-22,1,-50,29,50,-8,-51,-32,-43,28,28,12,5,49,-58,58,28,-36,127,-30,-4,35,31,27,43,-20,-70,18,-18,28,10,-4,32,-33,-124,74,32,-42,-85,-36,62,-11
127,-66,-68,5,-55,82,-73,113,119,15,-23,-47,-47,-36,-54,88,-13,64,2,-25,-1,-14,29,32,17,3,-18,-67,-15,35,23,-8,48,50,0,22,-66,-6,-88,-42,-7,78,-48,12,17,81,-48,-96,67,-11,62,81,-54,45,-3,-82,18,57,110,31,18,84,53,29,23,1,87,44,36,5,-32,5,-38,-20,-126,40,8,-63,-44,-58,-5,9,-86,42,10,-119,-13,-66,-53,2,-3,31,88,-84,-37,-8,44,-57,-34,105,-4,-16,39,-2,17,-54,-51,17,44,15,-43,-8,-67,-21,43,57,81,13,74,-7
-8,-65,21,19,-10,-57,13,-34,28,18,48,-78,-28,-30,-31,-87,-123,-48,73,-17,-15,72,57,3,-1,5,84,-12,82,9,52,-26,24,5,-64,-30,-49,-79,71,74,-90,37,-113,-88,-8,-47,-1,-7,-57,-7,-50,-69,-9,20,-71,-51,62,30,-90,84,46,69,-16,65,-29,-10,63,-13,22,18,69,86,-33,-60,0,44,-70,-23,-74,-58,-120,48,-38,10,35,30,4,-11,-97,-54,-51,-1,-27,47,-2,59,44,-57,94,-98,52,-45,94,100,-120,106,-128,96,-22,-51,-20,-87,127,-7,-23,68,-46,-14,58,36
6,68,76,70,-22,9,13,-96,81,79,50,54,-11,42,-42,-6,-86,-77,51,-21,59,-34,84,-128,32,-14,-44,75,14,-76,42,-26,14,39,-18,96,-4,30,-13,-25,-54,21,37,-105,13,-74,-3,43,-10,0,-27,32,1,-61,-30,4,-38,14,5,59,14,93,-49,-99,-85,-11,-90,-48,-40,-22,-35,28,-16,-61,39,63,-24,-14,-2,8,-78,48,-93,23,-24,67,-59,9,-7,-27,10,32,-57,23,26,-11,-14,18,-23,96,11,-29,89,-33,22,2,-59,33,0,7,90,-33,11,31,-8,3,0,92,4,-49
-29,-87,-59,40,-57,-1,11,89,2,30,-6,52,-36,14,-24,-77,-54,35,64,36,21,-31,-88,111,-28,-41,-78,46,-102,1,-46,123,-46,99,9,-25,-30,-51,-33,-54,30,33,-76,27,9,11,-43,-90,65,-51,27,-33,13,31,12,103,49,-20,35,74,-21,-22,-9,-77,-23,-2,33,-48,-2,-26,52,23,25,24,-49,55,18,25,-46,6,-9,71,12,1,-6,93,56,41,34,-33,-23,-43,-2,-113,-40,-17,-67,-4,77,-67,23,-61,-5,51,86,9,27,2,39,-86,-36,85,-59,16,45,5,73,-50,-3,-71
18,27,-37,-39,22,-21,-42,-13,-32,-5,91,-24,44,-4,10,37,-22,15,-80,-26,55,53,101,47,-11,5,-2,-49,-2,12,63,-4,-37,-42,-87,31,-36,-26,29,-65,24,64,29,16,50,-13,25,46,-53,-61,20,24,-16,26,-26,31,35,28,19,-79,15,33,-77,-73,80,-3,74,39,-7,-104,48,20,-62,8,66,11,-69,-94,93,-6,40,50,-43,79,-14,-23,-50,52,101,65,63,-57,70,-103,33,66,61,-71,-85,29,24,50,7,-53,1,-60,-61,11,-15,-45,-15,-69,-16,42,-33,-85,-107,12,-78,-51
-1,20,-13,3,62,2,-50,3,-13,-30,38,-53,13,127,7,-17,-64,63,21,44,-48,-19,97,70,-81,22,-29,-13,50,23,2,-18,-33,-14,17,-71,47,84,-53,-5,-18,40,-66,11,63,-13,-8,9,69,36,13,-128,-5,54,88,-33,-59,-64,-45,-80,74,-13,-13,-9,-2,-3,-20,-2,-32,-71,-7,-45,7,13,19,-28,67,-75,-117,-9,14,-30,84,-18,-40,53,11,-42,-75,59,67,-57,-29,63,26,-14,14,-8,21,-22,11,-61,47,4,-5,25,-60,24,76,-67,-3,28,-21,-13,-56,47,6,-65,-65,-111
71,-96,-43,-34,29,4,-128,-18,17,14,-113,-88,57,-51,86,60,87,-23,-27,29,-32,-44,16,14,-100,38,-43,-44,-18,-68,-85,13,-18,-66,10,-69,-55,-23,-110,-50,-41,23,47,19,-71,43,-15,0,-56,53,-28,18,86,28,-42,0,-38,-43,-30,29,-56,40,-128,67,-51,29,10,6,-47,0,12,3,-89,-40,-36,38,-46,-25,-57,57,58,-12,-41,52,78,-12,17,81,22,15,-76,-115,26,3,45,-84,67,-49,-3,44,-22,-52,-33,-83,21,105,-31,36,-76,41,-32,6,-88,-103,121,33,-41,90,-99,-29
-16,-38,-33,26,-30,-10,-48,-50,-71,-11,-25,6,61,30,29,104,50,-83,-3,-115,-48,15,25,-15,24,41,26,-36,-11,44,2,-30,-25,-32,-27,-36,-63,15,-68,36,-36,9,-21,-37,33,-7,-41,40,52,8,19,-68,48,-27,13,27,-42,10,-39,64,1,-14,-74,-55,17,70,50,5,19,-17,-33,-9,20,1,28,6,11,-1,-115,-21,88,-9,40,26,-5,-52,-78,-24,-4,-98,2,55,-20,-36,87,33,-11,-49,-115,-30,-24,30,-69,25,8,67,23,14,-51,-61,-44,-64,5,21,5,-46,-80,-31,86,-128
17,55,-42,-63,-49,-56,67,45,-35,59,4,-48,91,-91,-4,-2,69,21,92,-24,66,-45,30,33,21,-31,64,-23,35,-26,32,39,2,-48,48,-40,76,-3,-25,18,58,4,-46,0,-6,0,-28,17,31,-31,-16,-13,69,-33,37,-64,28,46,-22,72,50,-31,-71,-60,59,74,-23,8,111,-28,-37,-43,12,102,-62,-25,-21,62,60,-41,98,-52,-62,17,-81,35,26,-64,-89,-5,40,-47,59,-29,-10,-6,-31,61,15,11,64,5,127,-17,-27,-43,46,0,-46,-28,55,-76,22,-16,-57,71,-26,71,-69,-26
26,5,-9,54,38,-19,37,64,67,19,9,-11,-9,-52,-8,-37,0,68,-15,31,-55,-82,-69,-35,61,14,-43,86,-63,-91,38,-13,-35,-45,-58,-32,-77,9,-12,41,-34,63,-64,-40,14,-10,44,-39,18,-31,-2,-128,-24,49,46,1,12,49,-42,4,4,101,-54,-31,3,-52,-5,101,-6,-62,-95,51,-75,-4,-81,58,38,20,-7,-33,15,28,-55,24,11,90,27,23,-56,12,-21,51,35,20,55,-2,127,-17,24,-41,21,-33,-39,29,3,82,37,-56,-9,-60,-27,118,74,-56,42,43,38,127,-38,73
-16,13,66,74,0,46,40,-51,-9,11,-41,40,-83,54,-26,26,34,-22,62,88,64,-43,-39,16,-14,-40,-36,80,-41,73,28,-61,-23,-60,40,82,-4,-6,-32,8,68,89,-88,-9,-1,12,-19,50,-3,14,-22,61,36,-69,45,-73,15,-16,39,-114,21,-49,-23,36,28,63,-31,-11,3,-27,70,-2,-28,-118,11,-35,-35,14,-60,-56,28,30,-74,-24,18,-33,-49,1,-11,-9,26,-42,-33,34,5,64,103,55,-30,-4,-2,-5,-42,-25,6,96,-2,-54,29,-107,23,-49,12,34,-88,-87,45,104,-28,-12
22,-42,23,15,-2,50,13,27,61,4,56,57,25,-82,1,48,40,48,-74,-40,-42,44,38,56,-95,-31,30,40,-78,-77,-52,80,-11,-40,-49,20,65,15,65,-10,-94,-22,13,10,-21,62,67,24,-82,89,1,60,43,30,24,-105,38,19,59,-23,9,73,54,62,101,-24,127,-10,-46,-57,22,3,16,-71,-2,-75,66,-83,22,-79,-17,73,-15,-1,4,-84,-64,47,65,-20,4,-35,-29,-64,-60,-128,-34,19,-44,-50,-70,16,30,51,16,20,-17,-23,-27,46,44,-50,-80,-41,-68,-77,75,2,48,23
11,58,-50,-17,-64,8,-26,26,23,-18,-9,-2,23,20,-64,21,76,7,-3,-37,62,92,-12,-21,-68,77,24,-3,25,-24,-14,-44,15,-24,-94,-76,-40,48,-35,-10,32,-65,7,63,-128,-72,-2,-16,16,-46,-33,15,90,-22,14,-1,44,-105,-37,-13,-37,42,0,52,0,-52,-2,32,-20,-8,-31,6,-62,-92,4,11,10,0,38,127,1,-59,70,68,74,-2,-27,73,-36,-78,-50,-102,-10,44,-31,33,83,-9,-21,-24,25,-19,-22,-60,38,-25,-22,60,-79,-27,-78,10,-49,24,40,19,9,101,26,-55
14,-38,-55,34,-53,-56,20,56,1,23,81,48,-70,25,112,-12,-24,-1,-29,-62,2,60,18,-53,88,-86,-31,-128,23,-74,-106,73,-38,65,55,86,93,-17,-27,-21,26,83,-27,-10,-42,38,20,-75,-13,-41,36,76,-40,-88,-65,45,-76,-39,-1,-12,-75,-70,55,-27,-14,22,12,0,-29,73,-39,-68,24,23,7,-59,-35,41,-45,24,45,33,77,127,70,46,-9,1,45,-36,33,-19,31,81,104,-41,3,31,-58,55,-105,-13,55,21,-21,-55,0,-86,-61,67,-45,-119,-33,-24,-20,56,80,74,-4,-7
-74,-64,127,20,30,-63,-17,-28,-19,12,-20,-30,50,3,-27,30,-30,-25,-10,-32,-1,-50,-71,-43,65,122,16,84,51,-33,-62,-62,14,-24,36,50,28,35,33,73,-107,26,57,-24,-41,14,29,-21,47,52,61,23,7,24,-37,-74,-21,6,-3,125,-28,-51,21,-84,15,35,-41,19,116,-74,-47,-19,-128,50,-35,45,71,-22,-15,-107,7,-55,51,-17,-22,-55,-40,24,-83,-59,37,-69,-23,-47,15,-1,-123,57,53,49,-63,62,1,-20,-95,-20,59,-27,30,-76,127,1,-78,60,25,-22,-8,19,-44,-97
-87,-39,33,64,-36,-101,-5,18,-10,-81,1,-38,25,-45,-63,22,26,-19,18,-92,14,27,-40,88,-40,36,-100,25,41,-128,12,33,-1,-27,-9,-37,-18,24,-31,-28,-16,-23,-44,118,-4,-19,10,-21,-28,-28,-24,101,-93,12,-43,20,68,25,-40,55,-88,-38,16,49,-63,1,-45,17,-19,-7,6,14,-70,-72,-16,65,-16,49,61,-78,26,7,-128,-21,17,-10,22,27,-2,28,4,65,59,45,-6,0,57,-16,28,-95,30,-7,11,110,-4,-2,60,-37,-51,-38,81,19,97,0,16,-72,-106,96,-20,13
-86,-31,32,-98,-14,28,116,-28,120,-54,-61,-33,-9,63,29,29,37,9,-18,23,-49,41,51,-79,-4,-18,10,-76,7,12,-36,78,53,55,-22,46,-64,68,-3,57,-12,21,-4,66,-20,20,28,11,55,24,39,63,-59,-2,0,48,-30,-20,61,-26,59,-45,-11,-82,58,0,30,21,127,-109,-108,-90,-36,-40,9,100,58,-33,-23,16,26,5,-77,60,31,-24,-7,45,-65,-48,-128,79,-86,-53,-20,-4,40,14,-40,72,40,103,31,-39,34,-16,-12,-40,-22,1,-50,-45,5,-20,-61,-29,-64,51,-128,-59
70,-49,7,-40,-112,48,-61,85,100,-5,-55,-30,84,53,-12,82,-32,8,41,20,-6,-24,54,-30,5,-31,3,-126,-99,-56,19,22,-14,-18,37,-7,-47,-46,13,-21,-5,102,22,-12,19,-8,-55,5,-65,58,-60,11,-14,35,-4,33,3,4,-52,11,37,66,-35,-36,13,19,-21,-57,40,110,36,-10,-43,23,90,-35,84,24,28,29,-37,-4,35,-37,-33,-52,8,14,57,-69,-77,-36,37,97,-42,-16,-9,127,24,72,-15,78,32,-33,-26,-49,91,-52,-51,37,23,3,50,66,-69,-68,-8,-30,102,18
-3,-32,4,-17,37,94,-7,-35,-90,4,32,-32,0,-67,0,119,-31,-89,-55,15,5,17,63,-41,11,28,83,-77,41,21,-53,41,3,58,-25,35,-23,36,6,79,-86,-25,-62,64,-32,-22,-78,-12,49,-24,-52,31,-3,104,37,13,57,-32,30,85,18,-15,66,-35,-26,-30,22,-53,26,3,-20,26,36,-24,11,-28,18,4,-21,-128,-34,-22,-92,-15,13,85,-9,32,-9,-70,-17,-22,30,89,-56,-46,-10,14,-67,-5,-16,9,-97,-40,-117,112,57,-21,-5,93,3,49,96,-76,12,23,32,12,16,10
96,-31,23,-128,-68,-3,41,63,28,67,-10,2,-22,66,-58,11,1,-109,10,-32,7,30,41,-9,59,21,-35,52,-90,-128,15,42,6,0,-52,-30,-30,57,127,33,-7,-12,-69,-21,4,93,58,-26,-60,-29,43,-16,5,-70,24,-68,-8,-9,-19,-37,37,49,45,-53,-32,6,-12,-41,11,73,-104,-6,-42,64,-27,-37,16,28,42,47,-6,-35,29,99,-29,-10,-30,-12,-71,67,6,27,60,-74,-64,58,72,-6,68,40,-86,-7,-95,-39,-40,69,8,-51,70,5,-3,-21,30,-41,49,-68,38,-12,-36,-70
42,89,-50,98,11,-12,-33,-78,37,25,3,-41,15,8,-24,51,36,10,-41,18,7,61,25,5,-37,96,-55,43,10,-65,23,8,8,7,-48,-46,50,39,-25,8,49,5,-20,26,-22,80,-68,-19,-71,-9,43,-13,52,4,-34,27,-16,79,4,-43,41,-30,109,16,15,15,8,-42,-40,-51,-28,-52,-50,11,0,25,50,24,-54,50,-25,47,-24,26,-40,-78,42,-28,11,-94,-28,48,31,-41,9,4,-16,55,-43,52,59,-78,12,24,-2,4,10,1,55,-31,42,62,123,-12,-83,-87,-94,58,16,-51
57,-77,-21,-1,101,-83,-9,0,-24,-80,-2,-33,-12,72,-47,38,-53,22,-22,20,-14,-9,31,-26,-3,-64,-60,9,52,36,-50,7,25,27,1,7,-3,-57,37,12,-80,23,4,-50,-5,30,19,-38,11,-23,43,-34,18,77,36,48,9,-80,-45,-40,14,-82,28,24,-9,70,66,66,-45,-28,-86,-39,-11,-51,-10,-6,-91,-34,73,11,-49,8,35,35,90,-18,0,13,88,86,83,-6,10,42,1,10,17,3,-34,85,26,-85,-9,-84,-9,-4,49,-80,13,-55,-47,39,-6,64,-98,-7,19,-5,41,-13
-122,-28,-33,-60,1,-11,-6,-73,-28,13,-80,23,-37,36,6,-8,40,-61,42,-43,44,-40,51,-10,25,45,-14,14,-71,1,61,62,86,-25,41,-14,-1,3,-61,-4,-6,28,28,117,47,-6,41,-9,36,-44,-2,-37,-42,-31,10,68,-26,51,-31,61,116,-21,77,-90,43,-6,-63,-109,54,35,-44,56,5,-54,-19,4,-51,82,-1,-12,103,21,-39,0,83,-48,-66,127,-19,1,41,67,-63,-25,21,37,37,-6,-58,47,36,-15,-45,-79,-18,71,-7,-64,33,-18,14,21,20,6,-40,-30,62,-1,23,50
-16,-51,-9,-47,-69,-90,-50,17,11,120,44,5,-41,-78,6,81,8,-1,24,-100,79,55,35,-99,-20,82,-40,-19,-57,20,-28,-39,5,-74,27,-6,28,-90,21,-11,-46,46,-27,-8,94,44,44,78,43,-14,-2,85,-72,80,43,-43,18,2,75,-128,20,44,-32,31,-20,-47,45,16,66,23,-20,23,16,-57,-57,-5,-69,-115,32,21,28,23,36,-23,26,-3,-14,-52,18,32,18,46,49,3,-12,-34,46,-4,-7,13,15,-10,-72,-41,39,29,-4,96,11,60,109,-9,8,37,-36,-37,29,-100,17,-128
23,31,-85,4,47,8,-59,-71,40,-65,-23,11,-114,9,-10,32,-74,-27,-8,-6,24,11,57,4,-128,-25,127,-20,24,28,45,92,31,-13,30,-8,-23,7,-69,-74,72,7,62,-12,39,-46,-49,-25,83,44,28,42,35,54,-58,-65,-55,-40,-3,-33,42,-72,56,36,21,-63,-115,-25,45,48,-61,-75,-65,-81,15,50,-43,38,75,-79,-91,-38,-22,-38,-26,36,-2,-5,34,-41,-81,1,-27,-6,1,90,-13,23,38,-27,-20,82,-55,63,48,-21,-45,2,38,-92,-68,103,-9,-9,-7,-24,-41,-18,23,-25
-21,14,27,40,1,10,-4,19,47,-45,-55,-38,0,60,2,-16,0,-105,54,127,61,-6,-48,-11,53,85,18,-31,82,15,-61,-68,70,32,28,-41,53,-14,32,59,51,27,64,7,71,21,-54,14,-72,24,-13,49,60,-33,-3,21,31,10,-22,-31,-4,7,27,86,-7,45,13,-47,45,58,35,-2,89,-55,44,-16,0,-26,-2,-27,-17,5,115,44,-75,-61,-41,-13,-12,21,-21,8,47,44,-38,-63,-32,-1,86,-27,-35,29,-30,-8,14,7,-18,-5,0,22,35,-14,14,30,-8,-30,26,-8,100,21
40,-24,-79,-33,36,0,50,6,63,26,-50,53,-37,-51,65,114,17,-27,-27,-56,33,-24,81,36,-65,-21,22,-13,9,-4,-17,-2,21,4,-17,40,10,27,-24,-13,-60,-14,23,61,35,-42,-14,0,21,25,-24,13,3,-51,5,24,35,-7,5,-9,-1,-11,-22,89,-97,-32,-80,13,87,-81,16,46,20,28,-1,92,52,-36,-67,-124,-26,-33,-32,29,39,-23,3,58,83,2,57,-19,-23,-64,-50,-12,20,-18,27,-22,-44,-49,-18,0,-85,-19,22,-25,24,2,10,44,12,33,-7,22,-89,53,-58,10
-21,48,25,22,86,-123,70,46,13,-51,24,31,-36,6,-57,5,80,15,8,27,8,-20,-18,-43,-78,48,66,66,-109,18,19,68,16,-30,-52,57,65,43,-10,5,-40,-102,-102,32,-2,-7,-65,-3,-40,-128,13,-8,4,-23,-36,28,-49,76,76,-56,122,0,-9,115,-46,-48,35,46,-28,20,-13,31,55,-68,-54,29,39,11,5,46,-32,-107,-35,69,77,10,-3,-102,43,21,-37,81,-15,54,27,48,13,79,-45,60,-14,-7,-70,-45,-23,9,29,-19,-28,-48,-50,-33,46,64,-59,40,-92,-16,-88,-9
-28,-33,26,10,-7,-8,9,-2,28,-103,-15,44,81,56,12,-3,40,32,-39,72,13,-39,55,-9,115,-45,75,33,56,-63,-54,23,19,23,9,45,-128,17,-24,29,10,0,16,24,49,-107,-14,-70,-87,-32,-12,18,-2,5,-78,32,14,-92,-1,-36,-17,-77,-32,5,32,22,-23,19,51,-38,103,65,59,-39,-14,56,50,51,-6,-9,-46,-36,127,7,-66,-94,-48,35,-36,-24,-12,18,-23,49,5,28,-70,55,33,-35,-5,-28,-97,-13,-10,0,23,-37,27,8,17,19,31,37,-104,-27,8,76,-22,18
-51,-2,-19,26,67,-53,-65,18,-43,21,38,-48,29,-40,26,-7,37,-21,-27,-37,-26,-68,28,-39,0,-60,106,65,8,-36,9,66,-50,-7,-44,4,-54,65,21,-59,-51,-11,6,-22,41,42,41,63,35,-7,69,77,-112,7,48,-29,69,34,22,-33,-7,22,-19,23,28,107,34,-116,-47,104,80,13,26,-78,12,-55,-35,110,-101,74,-52,-37,-28,-34,-9,21,114,7,31,-40,-90,-14,-7,-25,25,-19,31,-79,-56,-23,25,-4,-22,-27,-56,29,-45,-4,8,52,-22,12,31,-47,62,-62,-36,5,-47,-24
20,-81,-44,16,19,-64,30,-78,-49,-9,-71,-96,3,35,30,-15,78,-17,-9,-75,58,23,76,-17,49,-27,15,-65,-55,24,25,2,20,-32,5,6,0,1,44,-32,89,1,6,-49,-15,-26,32,118,6,-13,-16,-33,-82,-74,-8,32,-43,-23,-2,-21,-63,23,-68,33,-75,-27,-47,-14,-107,-18,-28,-29,9,-6,18,-30,-11,21,-57,76,-61,-31,-8,-21,-6,31,-40,-2,56,-16,11,-94,19,-59,-128,32,6,14,-13,-40,36,102,-10,76,93,97,13,-2,-4,50,-14,-23,15,-50,-48,-64,24,-54,77,48
31,35,-39,64,20,-39,-7,54,-66,73,-48,16,-10,-13,-71,103,-24,-47,40,-31,3,-48,-81,39,-23,-49,-27,3,-34,-13,-92,-61,34,0,27,-2,4,13,3,20,58,-31,40,8,34,-6,4,48,52,-5,32,33,67,-6,93,-91,-46,-15,-21,-49,-29,5,-103,-32,-75,6,4,63,89,-38,19,-53,61,6,-84,-5,78,85,28,77,-8,-5,-74,-17,24,3,-83,47,2,-50,-73,80,21,-91,35,-11,-49,7,-58,26,50,-78,-10,30,18,29,30,-59,69,-123,-29,0,-12,25,-18,42,1,-39,0,-128
-100,78,32,-83,-16,-14,5,5,-35,70,67,-28,-49,15,-56,43,6,-89,-111,39,-21,59,-5,-4,-9,85,38,-43,-2,-30,-31,-23,117,-13,-68,21,-41,-19,-121,21,-25,22,-11,13,85,-61,25,-33,-41,-24,-6,-2,51,53,-2,73,33,-5,42,60,13,-4,-63,-14,-79,47,-51,45,21,-104,38,98,66,-58,-4,-6,-27,60,10,-44,-52,69,-128,0,-65,35,22,-18,31,-62,6,91,-54,-74,22,-55,-34,-6,1,-76,-22,10,-74,-39,19,-49,103,5,25,-4,8,47,-23,5,107,-33,-9,109,-14,-13
25,19,-23,-10,35,-35,27,-114,29,-6,-19,-74,12,-98,56,-42,-60,-51,-17,-81,70,-48,-14,-6,67,-15,16,85,35,-12,-23,40,3,5,-39,-1,-47,1,-28,-45,-41,-14,79,-10,10,-24,54,-2,19,18,63,-65,68,53,-11,-37,-3,2,-2,27,3,-25,-29,-4,-23,118,-116,12,-59,31,-19,21,-44,80,-2,31,52,35,35,38,-7,-64,-35,-56,85,33,18,26,39,-128,22,-31,-54,-13,27,-4,35,-41,87,-29,-37,-14,27,-34,-46,-49,104,69,-97,24,34,-25,-19,-8,24,-51,-84,90,-49,27
-12,127,12,-46,-8,-63,60,14,23,46,-41,-13,39,9,84,55,-55,19,-54,-38,127,36,50,2,-6,-59,27,110,-55,48,-24,-128,2,24,-17,14,11,-1,-71,44,58,22,-83,-19,-59,4,-32,-119,17,-43,53,27,46,2,-25,-39,-35,71,-28,-58,22,38,99,22,67,-52,61,7,95,44,37,27,124,51,-9,25,-11,76,52,35,-56,-6,18,16,-26,101,-3,5,52,60,20,-62,9,24,45,-12,0,-48,1,86,-25,-60,82,-74,-23,36,124,-4,28,43,70,-76,27,97,-11,45,-31,21,-52,25
-11,7,-42,-5,19,47,-5,-60,-48,-24,-43,94,-62,-118,-75,33,-38,-58,91,99,-12,-16,-47,-30,12,-88,49,52,-21,2,-38,17,-56,3,30,5,36,-20,2,59,7,-9,-46,18,-20,-65,-55,-36,-4,-35,1,-8,29,39,23,-70,-60,-34,-34,24,-67,-17,4,11,-59,-42,-34,-25,22,-100,-1,61,53,45,76,-5,-27,10,43,-7,37,-27,-10,-19,35,-88,-80,9,-59,-35,40,-4,7,49,33,9,-84,31,43,16,4,-6,13,-1,-35,21,-52,-91,-60,23,-32,71,-28,83,-31,-80,12,-116,-54,71
21,-6,51,5,-30,-12,-30,-4,-54,-18,-42,-43,6,22,36,0,12,81,-14,-41,-71,11,15,-54,25,82,-56,-33,-29,-24,27,116,28,48,-98,18,-5,16,-20,39,41,-16,-101,-3,-1,-55,-11,-5,10,-63,-58,51,50,11,-17,-36,46,86,51,17,68,8,-31,-54,5,-32,-8,16,55,47,-67,3,-27,-33,-7,33,0,5,-82,-17,-14,58,-5,82,-30,31,-58,-58,-9,-26,42,-27,-33,-10,36,-27,11,19,74,32,-54,53,-6,-5,76,-93,16,27,108,-81,11,40,-32,-96,-21,-29,81,61,-96,-47
-29,-24,-53,-21,43,-38,127,-3,-25,-8,-35,-29,17,110,-44,15,-69,-17,80,-46,-33,111,49,-17,12,-48,-10,18,-38,-7,36,-49,11,-26,20,94,14,23,12,-11,-46,-66,33,-40,-47,12,-13,28,16,-103,-20,-80,38,-34,-19,14,-87,48,-12,-24,66,-82,68,-128,3,13,-62,-62,-35,-36,32,37,10,28,2,-97,-30,-20,45,42,9,17,-36,16,6,47,59,34,-5,-23,78,31,-51,-56,-31,-29,-128,-24,-73,-11,-49,-31,65,7,32,45,-2,-48,-51,-40,24,-11,-42,29,-24,-15,8,33,-27,28
-10,52,-88,31,-38,-22,12,7,2,27,-38,10,-79,-67,61,14,115,-17,43,10,-42,-14,-80,4,-20,19,-76,-13,59,-75,-13,-40,-2,71,-18,-62,-28,61,-38,27,-71,-16,-5,-56,-10,62,39,-39,14,-50,35,-73,-31,-44,-4,59,7,44,22,26,-41,-87,4,-39,-80,-28,0,-38,-41,-11,-8,45,29,14,-23,98,1,5,-29,-9,-16,6,-20,-35,62,-44,16,21,23,-42,-37,-17,8,-32,-128,0,-128,-12,17,-64,-32,58,28,-85,-17,-53,88,24,21,-18,48,32,16,12,-6,13,27,36,36,-47
-22,-93,-47,15,70,37,110,-65,54,-64,-25,36,-23,48,26,-6,-30,61,-58,-29,-67,3,48,9,50,-50,-20,47,53,-32,-12,43,-58,76,-24,26,75,39,-7,-18,68,21,78,23,37,-6,29,-83,-128,-17,-128,19,-38,-9,-29,-10,-24,42,41,-48,-91,24,-12,-16,-47,75,-77,-41,19,40,6,0,47,-45,-41,8,-16,-17,11,14,-36,-128,-23,26,63,-52,15,24,-47,25,-83,21,-10,-76,-30,40,44,26,-61,57,-12,18,35,35,67,27,78,-64,0,19,82,33,26,42,-27,53,21,58,-23,-61
12,-29,-28,17,-36,12,127,34,65,-15,-68,12,-11,72,-58,43,13,-55,17,-96,37,8,13,34,11,-38,-67,37,-88,-33,6,13,5,-49,-89,52,-68,5,65,43,-1,-9,74,21,-78,5,-16,85,62,78,36,-117,-8,13,6,-32,29,-58,-29,-7,57,-8,92,26,27,17,-59,47,18,61,42,-46,-47,63,6,-13,57,5,26,37,-43,3,43,13,6,35,-43,-55,31,0,-30,32,73,49,12,30,58,17,24,-28,-99,51,-56,19,4,6,114,3,27,-64,28,-28,-98,2,108,-6,-72,-11,-76,20
24,-41,43,60,-20,21,64,-48,-15,14,107,-71,113,87,-33,-3,-47,-24,-13,-95,16,40,-128,17,58,-26,24,36,-47,-3,-39,24,-3,48,16,12,67,-23,115,64,-41,-2,43,-62,44,22,-63,14,20,83,-26,52,69,22,-59,26,25,3,-1,53,-6,-29,6,20,-3,42,-21,27,-23,54,16,-24,-5,6,-97,1,73,-48,-81,-96,16,79,-37,-3,71,-17,-18,-73,18,-1,16,15,-40,12,127,-30,29,-46,-26,-85,31,-39,71,-5,-5,-110,-18,39,0,-66,14,-48,13,-8,-1,-70,20,-7,-71,-18
-62,-86,-19,-37,92,38,-25,105,-24,26,32,97,-31,63,-27,-113,-7,5,-13,100,-52,-9,-37,37,-75,17,35,60,7,70,-28,-95,-27,52,59,-30,-34,78,-69,37,45,-4,-1,-56,-56,-73,31,93,102,-40,18,20,-43,40,-33,44,-32,4,3,-1,-13,-55,16,-74,-22,87,72,-12,20,-53,-38,-49,31,13,61,-43,-20,-9,-26,-21,8,37,-67,7,39,31,57,27,-49,4,-51,-5,35,62,57,19,63,4,4,-5,93,50,-88,-68,40,-112,48,-32,-80,-32,17,20,-8,-9,26,60,38,43,-2,-8
-13,-26,4,31,-36,13,-59,58,-51,43,-32,13,-30,-74,-7,15,32,14,-16,-30,18,-54,35,14,21,16,69,5,-42,75,-94,-17,96,-60,52,71,-54,107,44,-44,-49,47,20,122,-69,-6,-40,-42,71,8,-89,54,53,-28,76,85,0,-5,10,-30,9,40,-64,24,20,15,-13,23,-12,-43,-22,23,-33,38,-29,55,9,37,-2,-15,-23,29,15,63,-56,-37,-47,-40,36,32,23,15,-3,-77,-11,-61,-31,-15,-25,2,34,25,-4,-80,-65,47,30,-36,-18,-18,-18,-75,-33,-28,-86,-128,-11,-42,-16,24
-19,-28,1,-49,-56,2,-83,35,-40,-71,-9,-49,-23,-40,4,-46,-18,-14,-13,-45,-3,1,22,1,-12,62,17,15,12,6,94,-68,-7,10,2,-29,-13,32,63,53,19,16,14,64,7,-28,100,-2,59,95,33,-8,-26,-6,12,76,9,70,50,-75,-11,-83,49,-52,77,-75,47,81,-29,-58,80,-12,74,-45,42,-58,40,20,45,12,-50,1,-10,6,-25,19,-88,26,-8,35,32,-34,-80,-83,97,54,36,-23,45,-11,-87,-80,127,68,3,4,30,-21,-44,6,-45,11,47,-27,-35,95,23,-68,55,3
-9,-20,21,15,-29,123,15,-35,10,-34,-82,-18,28,-80,60,83,11,56,-31,-116,-23,-33,-8,40,-49,-4,44,49,-88,-74,-110,24,-38,4,-20,30,39,33,-9,-26,-2,-4,-43,-62,4,-24,22,-128,-47,-16,70,53,83,5,50,14,57,-53,-6,4,-52,-59,-19,18,-29,44,-18,51,-36,40,67,-2,-26,-72,-65,-46,-14,51,-28,-40,-81,-12,-28,-24,-12,10,4,-11,-28,-13,-13,-20,-33,-4,27,33,-53,-34,29,-20,90,-37,34,60,-48,4,-24,89,62,-45,-42,-45,-45,-10,27,-17,-15,40,-6,15
34,-10,-72,114,-50,-90,-25,93,11,25,-2,-39,-1,-30,-53,-35,-45,-32,-47,40,56,-34,-1,44,33,-77,-32,27,-13,-16,-16,16,84,22,-66,10,54,-68,1,-45,66,-23,-1,-107,-106,49,72,-43,93,-3,39,-78,18,-86,-42,-88,34,12,-87,16,80,28,-2,-70,-6,-33,29,105,72,61,-23,-37,-18,25,-18,74,9,6,-19,11,39,26,-36,53,-99,19,-108,-56,27,7,-36,-20,81,10,35,29,-45,-79,47,-26,33,36,-72,-11,19,48,-22,-52,-80,-88,-13,80,28,48,17,109,74,31,7,1
63,18,-14,-77,8,-96,-50,34,-75,-50,-88,41,-98,-41,-58,3,-128,15,71,66,-51,28,53,0,-34,38,-22,-65,18,-32,40,7,-77,-19,39,55,24,-24,-25,-11,23,-22,12,-24,38,74,-19,24,-24,-1,-51,51,-23,17,-5,75,8,15,-6,-66,18,-33,-41,14,-33,43,-6,-77,-50,9,53,-9,-48,49,80,-30,81,10,-32,49,-88,-86,-17,80,-64,5,58,65,-1,-9,15,-50,-84,17,38,-91,-42,36,-19,11,45,-60,-15,-55,59,7,43,-34,-7,58,-109,11,31,102,110,12,-72,-15,0,-71
-41,-12,50,25,-70,27,-50,-36,-6,-72,28,-16,-31,5,-128,7,31,-35,23,-3,48,-8,22,8,-7,19,-73,45,54,19,-59,-10,-11,17,106,11,-32,33,-9,-4,-31,-88,-63,51,-41,15,29,49,21,49,78,127,-15,-6,-25,-24,100,39,31,64,72,25,28,78,63,29,-33,45,46,-8,-46,-41,55,8,-18,-39,29,18,-9,-34,-31,46,-4,35,-39,-6,19,17,-128,-113,-50,-1,68,16,-49,94,-15,-12,34,-21,26,-85,-42,21,12,-114,40,101,81,104,-12,-1,-44,-23,-16,-20,58,-68,56,59
-52,-53,-18,36,111,76,-124,-12,62,-56,45,13,-51,38,64,9,-9,117,-12,-78,-55,-50,25,-51,-47,9,-23,-9,-40,-16,42,-53,56,-3,59,-9,-2,-32,-24,64,35,55,18,-9,83,21,17,-8,36,53,29,-5,10,3,-16,55,-23,20,66,-19,86,-44,-17,-62,-25,-59,73,-10,13,-75,3,-35,-45,-21,-102,70,-30,1,21,-60,48,-5,37,-8,-62,-42,55,-47,-23,18,-49,-31,-1,43,-69,16,-3,-19,51,53,4,30,16,-11,-33,54,-5,-128,-41,-32,15,73,17,7,84,28,26,54,45,-8
21,-101,53,84,-58,13,-17,-47,-13,-33,54,-19,-55,77,83,44,-27,-37,-1,28,-7,5,46,0,-109,27,49,36,48,10,91,46,-74,-72,14,-4,11,-19,-17,12,-7,55,-100,-26,6,29,95,-37,16,29,82,-34,-46,47,-48,37,-42,-18,-36,-66,56,7,-11,-32,97,3,-28,21,-41,50,29,63,-43,-16,54,-36,-40,50,18,-16,20,-49,10,126,-81,25,-55,-36,64,-11,43,106,-50,-56,14,-24,47,49,-90,67,-35,63,11,-70,-62,-100,-7,33,-112,-59,48,44,-31,2,-76,-59,-30,-36,47,-33
22,-57,-54,-62,50,-21,26,-41,-126,36,59,31,8,28,5,77,-27,-30,-53,18,-46,-13,-45,-21,-24,-26,-83,13,-3,-38,44,16,-5,7,111,97,-69,82,16,-68,-19,-58,61,-4,-65,25,-18,-45,-27,3,67,32,-7,35,46,-29,-2,26,96,-11,-59,68,5,17,19,-100,-25,-31,-63,-20,-13,17,123,20,-12,19,-30,-14,-49,-109,-68,26,57,76,25,0,22,24,39,-30,47,16,-33,-68,-41,-20,1,-69,-127,-59,-1,-30,-9,105,34,55,75,26,-54,-50,13,64,-26,41,127,43,-53,68,-39,40
-58,-20,-10,-8,-68,-5,-71,24,-4,17,-45,-15,-19,106,-10,-36,56,-46,28,75,-6,82,36,43,-76,-55,87,-14,-94,-38,-61,-27,-50,-78,-89,-76,-11,7,40,110,-45,-21,113,3,-27,-41,48,11,-36,-12,71,54,-15,-32,-2,-17,-17,-11,69,65,-20,1,-40,-6,27,-61,-27,-68,54,-92,4,80,27,-1,36,-52,44,-53,-80,-35,-51,43,-38,-8,11,27,-93,74,-128,39,-33,-33,64,14,64,13,35,61,-10,10,37,32,35,51,41,75,20,-31,84,32,-65,-28,-60,58,-1,-58,-72,73,112,64
23,-7,-16,23,111,-20,15,-76,33,-3,-55,71,124,18,56,29,-19,23,83,-52,3,-57,36,-16,49,-13,59,-10,5,-4,35,-2,74,29,-94,-24,-22,-9,-28,-48,-69,55,-34,20,-56,-30,-18,31,5,-88,-65,43,-20,22,-25,-93,-29,-55,-78,19,-26,95,-106,59,8,22,34,-46,-13,12,-40,41,18,45,-4,-7,-7,58,10,62,-69,-58,-128,39,23,-13,-110,3,-25,48,1,38,53,-7,27,26,4,39,79,81,-65,85,38,-28,-28,-3,35,4,68,-57,27,-10,43,-56,-26,47,90,36,-26,-22
-116,49,61,33,-19,6,12,63,-101,56,12,-21,-64,29,-18,-36,4,-13,92,81,-91,14,26,-66,-44,82,79,42,20,73,-28,-91,-57,58,50,-2,30,-23,-66,-3,-21,13,99,-43,29,4,-45,10,60,-34,12,-60,35,-77,-25,5,42,21,-117,-2,-9,-12,-24,79,58,-65,-18,-24,1,14,40,-78,-67,33,15,75,4,87,-65,-72,-28,-5,-9,-35,-4,-69,-60,-3,-15,-53,56,89,6,35,-20,3,-5,-9,86,-32,28,-41,40,-14,-59,-47,-19,-30,1,-33,47,46,8,-48,22,-49,-10,46,-40,24
-73,-116,-75,-9,18,-47,-36,-51,51,4,29,-6,61,-16,-31,57,25,23,-46,55,21,19,-41,83,-5,40,103,-40,75,-77,-50,-20,-33,-33,26,-31,-59,77,-42,28,-43,-11,-8,-18,-3,-16,50,9,-7,-16,2,59,-21,57,73,-8,-29,-42,-47,-41,-24,-11,-38,-53,25,124,-61,-3,17,-39,17,67,50,48,19,43,-12,22,-105,-66,-115,52,-35,1,-61,118,-18,-33,-4,64,-35,-6,12,4,-5,-36,64,15,-110,26,-112,16,-13,9,-3,72,-98,8,-35,29,-108,7,-107,20,2,1,11,26,3,58
-29,-20,-53,26,-10,22,-17,-60,0,-115,-43,-17,-30,-19,3,-12,10,-73,-45,-33,11,-25,10,3,99,-84,2,-100,5,33,10,32,-46,8,-101,-59,-67,-15,-75,4,52,-73,20,-4,40,53,-53,38,-48,45,39,16,-24,8,3,-17,67,33,19,62,-128,12,-16,15,-41,20,80,-31,28,-54,13,-33,59,4,48,-31,9,-63,-18,-10,26,-22,-45,-19,-47,-64,80,1,-60,-8,7,40,52,10,90,34,-35,-44,-14,18,-7,79,17,29,33,-77,-52,68,-46,52,-27,56,-88,-59,-35,-46,49,87,-53,-36
-4,61,13,-47,40,-34,-85,46,-8,22,12,-91,-77,42,22,25,112,-44,-99,23,-19,-37,-81,-29,40,-33,-71,-31,-5,84,-8,22,20,69,54,0,-68,-51,-17,-2,-5,-95,-66,-23,-66,-65,-65,82,67,2,25,-38,-30,-1,-65,34,57,36,-27,64,76,39,-55,-88,-57,22,-63,-2,35,-2,-63,-54,30,-24,38,5,16,13,106,32,-89,-102,-109,27,-26,-26,39,-50,25,72,80,-50,-8,2,-39,79,-5,-24,10,20,-29,-27,45,26,67,-5,-28,51,-25,-32,94,4,94,19,-14,-23,4,37,2,50
